;Diagnostico;Region;Actividad Economica;Edad;Sexo;Seguro;2012;2013;2014;2015;2016;2017;2018;2019;2020;2021;2022;Observación
LM Autorizadas Seguro de Salud;;todas_regiones;todas_actv;todas_edad;ambos_sex;fonasa;2685957;2640436;2847159;3159058;3348560;3664072;4005604;4311164;4310302;6368309;7049916;
LM Autorizadas Seguro de Salud;;todas_regiones;todas_actv;todas_edad;ambos_sex;Isapre;1265494;1385015;1565075;1696620;1685906;1816124;1885351;2016708;1280192;1620894;1896809;Mientras bajan los años, ISAPRE se ajusta
LM Autorizadas Seguro de Salud y Sexo;;todas_regiones;todas_actv;todas_edad;hombre;fonasa;;;;;1255109;1321216;1398039;1550635;1856127;2846848;2893906;
LM Autorizadas Seguro de Salud y Sexo;;todas_regiones;todas_actv;todas_edad;mujer;fonasa;;;;;2093451;2342856;2607556;2760529;2454175;3521461;4156010;
LM Autorizadas Seguro de Salud y Sexo;;todas_regiones;todas_actv;todas_edad;sin_informacion;fonasa;;;;;0;0;9;0;0;0;0;"suma de ""sin info"" + ""indeterminado"" de 2018 hacia abajo"
LM Autorizadas Seguro de Salud y Sexo;;todas_regiones;todas_actv;todas_edad;hombre;isapre;;;;;796298;866724;903365;969403;860492;841101;906507;
LM Autorizadas Seguro de Salud y Sexo;;todas_regiones;todas_actv;todas_edad;mujer;isapre;;;;;889608;942173;981986;1047305;742118;779750;990299;
LM Autorizadas Seguro de Salud y Sexo;;todas_regiones;todas_actv;todas_edad;sin_informacion;isapre;;;;;0;0;0;0;36;43;3;"suma de ""sin info"" + ""indeterminado"" de 2018 hacia abajo"
LM autorizadas Seguro de Salud y Edad;;todas_regiones;todas_actv;19 y menos;ambos_sex;fonasa;;;;;30551;25193;27171;26826;27217;56144;62586;
LM autorizadas Seguro de Salud y Edad;;todas_regiones;todas_actv;20-24;ambos_sex;fonasa;;;;;287632;282168;306097;324874;321239;509894;544965;
LM autorizadas Seguro de Salud y Edad;;todas_regiones;todas_actv;25-34;ambos_sex;fonasa;;;;;979478;1056613;1174962;1280677;1267677;1937880;2168515;
LM autorizadas Seguro de Salud y Edad;;todas_regiones;todas_actv;35-44;ambos_sex;fonasa;;;;;780273;860879;935373;1002073;986607;1500893;1687156;
LM autorizadas Seguro de Salud y Edad;;todas_regiones;todas_actv;45-54;ambos_sex;fonasa;;;;;682753;750656;797020;841525;845457;1232912;1307772;
LM autorizadas Seguro de Salud y Edad;;todas_regiones;todas_actv;55-64;ambos_sex;fonasa;;;;;459736;535409;595356;642889;658956;901229;1002386;
LM autorizadas Seguro de Salud y Edad;;todas_regiones;todas_actv;65 y más;ambos_sex;fonasa;;;;;128137;153154;169625;192300;203149;229357;276536;
LM autorizadas Seguro de Salud y Edad;;todas_regiones;todas_actv;Sin información;ambos_sex;fonasa;;;;;0;0;0;0;0;0;0;
LM autorizadas Seguro de Salud y Edad;;todas_regiones;todas_actv;19 y menos;ambos_sex;isapre;;;;;3028;2403;1828;1712;1184;643;572;
LM autorizadas Seguro de Salud y Edad;;todas_regiones;todas_actv;20-24;ambos_sex;isapre;;;;;74062;69400;62325;60123;44744;34699;27248;
LM autorizadas Seguro de Salud y Edad;;todas_regiones;todas_actv;25-34;ambos_sex;isapre;;;;;604222;629995;648492;693409;551246;546139;594413;
LM autorizadas Seguro de Salud y Edad;;todas_regiones;todas_actv;35-44;ambos_sex;isapre;;;;;476344;520155;551208;597576;479394;508459;612295;
LM autorizadas Seguro de Salud y Edad;;todas_regiones;todas_actv;45-54;ambos_sex;isapre;;;;;294891;321871;337829;359800;293648;300280;365782;
LM autorizadas Seguro de Salud y Edad;;todas_regiones;todas_actv;55-64;ambos_sex;isapre;;;;;197237;220028;234828;249520;192431;192701;243153;
LM autorizadas Seguro de Salud y Edad;;todas_regiones;todas_actv;65 y más;ambos_sex;isapre;;;;;36122;45037;48823;54561;39990;37970;53344;
LM autorizadas Seguro de Salud y Edad;;todas_regiones;todas_actv;Sin información;ambos_sex;isapre;;;;;0;9;18;7;7;3;2;
LM autorizadas Seguro de Salud y Region;;Arica y Parinacota (XV);todas_actv;todas_edad;ambos_sex;fonasa;;;;;32122;31481;31234;28262;21733;36184;46810;
LM autorizadas Seguro de Salud y Region;;Tarapacá (I);todas_actv;todas_edad;ambos_sex;fonasa;;;;;51851;56098;64586;77285;65239;106122;127328;
LM autorizadas Seguro de Salud y Region;;Antofagasta (II);todas_actv;todas_edad;ambos_sex;fonasa;;;;;95285;96402;98814;118289;126247;203365;234236;
LM autorizadas Seguro de Salud y Region;;Atacama (III);todas_actv;todas_edad;ambos_sex;fonasa;;;;;55565;53630;52812;65319;53081;84539;117835;
LM autorizadas Seguro de Salud y Region;;Coquimbo (IV);todas_actv;todas_edad;ambos_sex;fonasa;;;;;91299;91448;107838;118263;101248;170984;232502;
LM autorizadas Seguro de Salud y Region;;Valparaíso (V);todas_actv;todas_edad;ambos_sex;fonasa;;;;;237112;237764;235875;352748;339907;560518;670980;
LM autorizadas Seguro de Salud y Region;;Metropolitana (RM);todas_actv;todas_edad;ambos_sex;fonasa;;;;;1835225;2079224;2256692;2276027;2429438;3211895;3236527;
LM autorizadas Seguro de Salud y Region;;O'Higgins (VI);todas_actv;todas_edad;ambos_sex;fonasa;;;;;172807;156040;174357;192545;200810;296116;328013;
LM autorizadas Seguro de Salud y Region;;Maule (VII);todas_actv;todas_edad;ambos_sex;fonasa;;;;;135293;145314;168259;206237;193807;318030;364735;
LM autorizadas Seguro de Salud y Region;;Ñuble (XVI);todas_actv;todas_edad;ambos_sex;fonasa;;;;;#N/D;0;67178;74989;74752;130377;165641;
LM autorizadas Seguro de Salud y Region;;Biobío (VIII);todas_actv;todas_edad;ambos_sex;fonasa;;;;;335131;377626;341562;336679;331120;541184;669514;
LM autorizadas Seguro de Salud y Region;;La Araucanía (IX);todas_actv;todas_edad;ambos_sex;fonasa;;;;;116201;126046;144291;167439;113848;244345;284505;
LM autorizadas Seguro de Salud y Region;;Los Ríos (XIV);todas_actv;todas_edad;ambos_sex;fonasa;;;;;30735;32517;43557;54828;39996;82155;113725;
LM autorizadas Seguro de Salud y Region;;Los Lagos (X);todas_actv;todas_edad;ambos_sex;fonasa;;;;;122125;136137;161327;174857;160536;289530;341676;
LM autorizadas Seguro de Salud y Region;;Aysén (XI);todas_actv;todas_edad;ambos_sex;fonasa;;;;;13821;16638;21414;23497;16032;31630;44510;
LM autorizadas Seguro de Salud y Region;;Magallanes (XII);todas_actv;todas_edad;ambos_sex;fonasa;;;;;23988;27707;35808;43900;42508;61335;71379;
LM autorizadas Seguro de Salud y Region;;Sin información;todas_actv;todas_edad;ambos_sex;fonasa;;;;;#N/D;0;0;0;0;0;0;
LM autorizadas Seguro de Salud y Region;;Arica y Parinacota (XV);todas_actv;todas_edad;ambos_sex;isapre;;;;;12010;12792;12727;13011;8501;8672;11887;
LM autorizadas Seguro de Salud y Region;;Tarapacá (I);todas_actv;todas_edad;ambos_sex;isapre;;;;;27300;27005;27247;28803;25619;30553;37026;
LM autorizadas Seguro de Salud y Region;;Antofagasta (II);todas_actv;todas_edad;ambos_sex;isapre;;;;;69524;70637;72392;80302;70994;74994;88037;
LM autorizadas Seguro de Salud y Region;;Atacama (III);todas_actv;todas_edad;ambos_sex;isapre;;;;;18747;20505;20569;20570;16356;18219;24039;
LM autorizadas Seguro de Salud y Region;;Coquimbo (IV);todas_actv;todas_edad;ambos_sex;isapre;;;;;20240;21827;23290;24798;17561;19662;29451;
LM autorizadas Seguro de Salud y Region;;Valparaíso (V);todas_actv;todas_edad;ambos_sex;isapre;;;;;93014;99352;103114;106001;84227;92514;118148;
LM autorizadas Seguro de Salud y Region;;Metropolitana (RM);todas_actv;todas_edad;ambos_sex;isapre;;;;;1096995;1170237;1213587;1321052;1059178;1028986;1144290;
LM autorizadas Seguro de Salud y Region;;O'Higgins (VI);todas_actv;todas_edad;ambos_sex;isapre;;;;;49972;51630;52290;54168;49559;49763;61211;
LM autorizadas Seguro de Salud y Region;;Maule (VII);todas_actv;todas_edad;ambos_sex;isapre;;;;;40942;44574;49258;53511;37782;45873;60593;
LM autorizadas Seguro de Salud y Region;;Ñuble (XVI);todas_actv;todas_edad;ambos_sex;isapre;;;;;#N/D;0;6200;23781;15967;21612;28882;
LM autorizadas Seguro de Salud y Region;;Biobío (VIII);todas_actv;todas_edad;ambos_sex;isapre;;;;;116425;123541;126464;115558;83949;90788;115736;
LM autorizadas Seguro de Salud y Region;;La Araucanía (IX);todas_actv;todas_edad;ambos_sex;isapre;;;;;44377;48448;52464;56544;35053;39672;56170;
LM autorizadas Seguro de Salud y Region;;Los Ríos (XIV);todas_actv;todas_edad;ambos_sex;isapre;;;;;18288;19879;21639;22061;13918;15222;22414;
LM autorizadas Seguro de Salud y Region;;Los Lagos (X);todas_actv;todas_edad;ambos_sex;isapre;;;;;56159;59864;63850;66297;44975;57456;71182;
LM autorizadas Seguro de Salud y Region;;Aysén (XI);todas_actv;todas_edad;ambos_sex;isapre;;;;;6346;6897;6811;6589;4029;4977;7126;
LM autorizadas Seguro de Salud y Region;;Magallanes (XII);todas_actv;todas_edad;ambos_sex;isapre;;;;;15566;17410;19209;21960;16365;15967;19043;
LM autorizadas Seguro de Salud y Region;;Sin información;todas_actv;todas_edad;ambos_sex;isapre;;;;;#N/D;14299;14241;1702;18613;5964;1574;
LM autorizadas Seguro de Salud , Region y Sexo;;Arica y Parinacota (XV);todas_actv;todas_edad;hombre;fonasa;;;;;0;0;10528;9764;10339;14802;16844;
LM autorizadas Seguro de Salud , Region y Sexo;;Tarapacá (I);todas_actv;todas_edad;hombre;fonasa;;;;;0;0;24032;28648;31432;55054;64442;
LM autorizadas Seguro de Salud , Region y Sexo;;Antofagasta (II);todas_actv;todas_edad;hombre;fonasa;;;;;0;0;42845;53719;67717;103864;113821;
LM autorizadas Seguro de Salud , Region y Sexo;;Atacama (III);todas_actv;todas_edad;hombre;fonasa;;;;;0;0;20674;26122;26313;42868;54710;
LM autorizadas Seguro de Salud , Region y Sexo;;Coquimbo (IV);todas_actv;todas_edad;hombre;fonasa;;;;;0;0;34206;37833;42776;71238;85053;
LM autorizadas Seguro de Salud , Region y Sexo;;Valparaíso (V);todas_actv;todas_edad;hombre;fonasa;;;;;0;0;82969;127042;149551;246974;262446;
LM autorizadas Seguro de Salud , Region y Sexo;;Metropolitana (RM);todas_actv;todas_edad;hombre;fonasa;;;;;0;0;775167;806499;996436;1397671;1352144;
LM autorizadas Seguro de Salud , Region y Sexo;;O'Higgins (VI);todas_actv;todas_edad;hombre;fonasa;;;;;0;0;66417;76866;94963;142619;139923;
LM autorizadas Seguro de Salud , Region y Sexo;;Maule (VII);todas_actv;todas_edad;hombre;fonasa;;;;;0;0;56463;69791;82697;134135;139631;
LM autorizadas Seguro de Salud , Region y Sexo;;Ñuble (XVI);todas_actv;todas_edad;hombre;fonasa;;;;;0;0;22415;25214;32570;58761;65506;
LM autorizadas Seguro de Salud , Region y Sexo;;Biobío (VIII);todas_actv;todas_edad;hombre;fonasa;;;;;0;0;127338;131766;160183;275750;289372;
LM autorizadas Seguro de Salud , Region y Sexo;;La Araucanía (IX);todas_actv;todas_edad;hombre;fonasa;;;;;0;0;46667;55233;49853;102638;101925;
LM autorizadas Seguro de Salud , Region y Sexo;;Los Ríos (XIV);todas_actv;todas_edad;hombre;fonasa;;;;;0;0;14837;19712;17966;36991;40718;
LM autorizadas Seguro de Salud , Region y Sexo;;Los Lagos (X);todas_actv;todas_edad;hombre;fonasa;;;;;0;0;54931;60362;70273;127466;126974;
LM autorizadas Seguro de Salud , Region y Sexo;;Aysén (XI);todas_actv;todas_edad;hombre;fonasa;;;;;0;0;6563;6901;5901;11530;13619;
LM autorizadas Seguro de Salud , Region y Sexo;;Magallanes (XII);todas_actv;todas_edad;hombre;fonasa;;;;;0;0;11987;15163;17157;24487;26778;
LM autorizadas Seguro de Salud , Region y Sexo;;Sin información;todas_actv;todas_edad;hombre;fonasa;;;;;0;0;0;0;0;0;0;
LM autorizadas Seguro de Salud , Region y Sexo;;Arica y Parinacota (XV);todas_actv;todas_edad;hombre;isapre;;;;;0;0;5613;5798;4484;4086;5354;
LM autorizadas Seguro de Salud , Region y Sexo;;Tarapacá (I);todas_actv;todas_edad;hombre;isapre;;;;;0;0;15201;16306;16936;19869;22931;
LM autorizadas Seguro de Salud , Region y Sexo;;Antofagasta (II);todas_actv;todas_edad;hombre;isapre;;;;;0;0;45782;50682;49229;50554;56568;
LM autorizadas Seguro de Salud , Region y Sexo;;Atacama (III);todas_actv;todas_edad;hombre;isapre;;;;;0;0;11543;11369;10649;11866;14661;
LM autorizadas Seguro de Salud , Region y Sexo;;Coquimbo (IV);todas_actv;todas_edad;hombre;isapre;;;;;0;0;10853;11473;9187;9478;13453;
LM autorizadas Seguro de Salud , Region y Sexo;;Valparaíso (V);todas_actv;todas_edad;hombre;isapre;;;;;0;0;48546;49554;44381;45945;54655;
LM autorizadas Seguro de Salud , Region y Sexo;;Metropolitana (RM);todas_actv;todas_edad;hombre;isapre;;;;;0;0;578805;631974;564362;527540;534799;
LM autorizadas Seguro de Salud , Region y Sexo;;O'Higgins (VI);todas_actv;todas_edad;hombre;isapre;;;;;0;0;26337;27405;29928;26685;30800;
LM autorizadas Seguro de Salud , Region y Sexo;;Maule (VII);todas_actv;todas_edad;hombre;isapre;;;;;0;0;22533;24381;19538;22217;27608;
LM autorizadas Seguro de Salud , Region y Sexo;;Ñuble (XVI);todas_actv;todas_edad;hombre;isapre;;;;;0;0;2796;10569;8180;10504;13244;
LM autorizadas Seguro de Salud , Region y Sexo;;Biobío (VIII);todas_actv;todas_edad;hombre;isapre;;;;;0;0;54777;51309;43449;45790;52415;
LM autorizadas Seguro de Salud , Region y Sexo;;La Araucanía (IX);todas_actv;todas_edad;hombre;isapre;;;;;0;0;21666;23290;16024;17159;22968;
LM autorizadas Seguro de Salud , Region y Sexo;;Los Ríos (XIV);todas_actv;todas_edad;hombre;isapre;;;;;0;0;9697;9699;6692;7220;9849;
LM autorizadas Seguro de Salud , Region y Sexo;;Los Lagos (X);todas_actv;todas_edad;hombre;isapre;;;;;0;0;29145;30707;24437;30025;33455;
LM autorizadas Seguro de Salud , Region y Sexo;;Aysén (XI);todas_actv;todas_edad;hombre;isapre;;;;;0;0;3077;2815;1989;2297;3083;
LM autorizadas Seguro de Salud , Region y Sexo;;Magallanes (XII);todas_actv;todas_edad;hombre;isapre;;;;;0;0;9774;11169;9603;8639;9671;
LM autorizadas Seguro de Salud , Region y Sexo;;Sin información;todas_actv;todas_edad;hombre;isapre;;;;;0;0;7221;903;1426;1227;993;
LM autorizadas Seguro de Salud , Region y Sexo;;Arica y Parinacota (XV);todas_actv;todas_edad;mujer;fonasa;;;;;0;0;20706;18498;11394;21382;29966;
LM autorizadas Seguro de Salud , Region y Sexo;;Tarapacá (I);todas_actv;todas_edad;mujer;fonasa;;;;;0;0;40554;48637;33807;51068;62886;
LM autorizadas Seguro de Salud , Region y Sexo;;Antofagasta (II);todas_actv;todas_edad;mujer;fonasa;;;;;0;0;55969;64570;58530;99501;120415;
LM autorizadas Seguro de Salud , Region y Sexo;;Atacama (III);todas_actv;todas_edad;mujer;fonasa;;;;;0;0;32137;39197;26768;41671;63125;
LM autorizadas Seguro de Salud , Region y Sexo;;Coquimbo (IV);todas_actv;todas_edad;mujer;fonasa;;;;;0;0;73632;80430;58472;99746;147449;
LM autorizadas Seguro de Salud , Region y Sexo;;Valparaíso (V);todas_actv;todas_edad;mujer;fonasa;;;;;0;0;152906;225706;190356;313544;408534;
LM autorizadas Seguro de Salud , Region y Sexo;;Metropolitana (RM);todas_actv;todas_edad;mujer;fonasa;;;;;0;0;1481521;1469528;1433002;1814224;1884383;
LM autorizadas Seguro de Salud , Region y Sexo;;O'Higgins (VI);todas_actv;todas_edad;mujer;fonasa;;;;;0;0;107940;115679;105847;153497;188090;
LM autorizadas Seguro de Salud , Region y Sexo;;Maule (VII);todas_actv;todas_edad;mujer;fonasa;;;;;0;0;111796;136446;111110;183895;225104;
LM autorizadas Seguro de Salud , Region y Sexo;;Ñuble (XVI);todas_actv;todas_edad;mujer;fonasa;;;;;0;0;44763;49775;42182;71616;100135;
LM autorizadas Seguro de Salud , Region y Sexo;;Biobío (VIII);todas_actv;todas_edad;mujer;fonasa;;;;;0;0;214222;204913;170937;265434;380142;
LM autorizadas Seguro de Salud , Region y Sexo;;La Araucanía (IX);todas_actv;todas_edad;mujer;fonasa;;;;;0;0;97623;112206;63995;141707;182580;
LM autorizadas Seguro de Salud , Region y Sexo;;Los Ríos (XIV);todas_actv;todas_edad;mujer;fonasa;;;;;0;0;28720;35116;22030;45164;73007;
LM autorizadas Seguro de Salud , Region y Sexo;;Los Lagos (X);todas_actv;todas_edad;mujer;fonasa;;;;;0;0;106396;114495;90263;162064;214702;
LM autorizadas Seguro de Salud , Region y Sexo;;Aysén (XI);todas_actv;todas_edad;mujer;fonasa;;;;;0;0;14851;16596;10131;20100;30891;
LM autorizadas Seguro de Salud , Region y Sexo;;Magallanes (XII);todas_actv;todas_edad;mujer;fonasa;;;;;0;0;23820;28737;25351;36848;44601;
LM autorizadas Seguro de Salud , Region y Sexo;;Sin información;todas_actv;todas_edad;mujer;fonasa;;;;;0;0;0;0;0;0;0;
LM autorizadas Seguro de Salud , Region y Sexo;;Arica y Parinacota (XV);todas_actv;todas_edad;mujer;isapre;;;;;0;0;7115;7213;4017;4586;6533;
LM autorizadas Seguro de Salud , Region y Sexo;;Tarapacá (I);todas_actv;todas_edad;mujer;isapre;;;;;0;0;12046;12497;8684;10684;14095;
LM autorizadas Seguro de Salud , Region y Sexo;;Antofagasta (II);todas_actv;todas_edad;mujer;isapre;;;;;0;0;26611;29621;21760;24438;31469;
LM autorizadas Seguro de Salud , Region y Sexo;;Atacama (III);todas_actv;todas_edad;mujer;isapre;;;;;0;0;9026;9201;5707;6353;9378;
LM autorizadas Seguro de Salud , Region y Sexo;;Coquimbo (IV);todas_actv;todas_edad;mujer;isapre;;;;;0;0;12437;13325;8373;10184;15998;
LM autorizadas Seguro de Salud , Region y Sexo;;Valparaíso (V);todas_actv;todas_edad;mujer;isapre;;;;;0;0;54568;56447;39846;46568;63493;
LM autorizadas Seguro de Salud , Region y Sexo;;Metropolitana (RM);todas_actv;todas_edad;mujer;isapre;;;;;0;0;634782;689078;494798;501417;609488;
LM autorizadas Seguro de Salud , Region y Sexo;;O'Higgins (VI);todas_actv;todas_edad;mujer;isapre;;;;;0;0;25953;26763;19631;23078;30411;
LM autorizadas Seguro de Salud , Region y Sexo;;Maule (VII);todas_actv;todas_edad;mujer;isapre;;;;;0;0;26725;29130;18244;23656;32985;
LM autorizadas Seguro de Salud , Region y Sexo;;Ñuble (XVI);todas_actv;todas_edad;mujer;isapre;;;;;0;0;3404;13212;7784;11108;15638;
LM autorizadas Seguro de Salud , Region y Sexo;;Biobío (VIII);todas_actv;todas_edad;mujer;isapre;;;;;0;0;71687;64249;40500;44998;63321;
LM autorizadas Seguro de Salud , Region y Sexo;;La Araucanía (IX);todas_actv;todas_edad;mujer;isapre;;;;;0;0;30798;33254;19028;22511;33202;
LM autorizadas Seguro de Salud , Region y Sexo;;Los Ríos (XIV);todas_actv;todas_edad;mujer;isapre;;;;;0;0;11942;12362;7227;8002;12565;
LM autorizadas Seguro de Salud , Region y Sexo;;Los Lagos (X);todas_actv;todas_edad;mujer;isapre;;;;;0;0;34705;35590;20538;27428;37727;
LM autorizadas Seguro de Salud , Region y Sexo;;Aysén (XI);todas_actv;todas_edad;mujer;isapre;;;;;0;0;3733;3774;2040;2680;4043;
LM autorizadas Seguro de Salud , Region y Sexo;;Magallanes (XII);todas_actv;todas_edad;mujer;isapre;;;;;0;0;9435;10790;6762;7328;9372;
LM autorizadas Seguro de Salud , Region y Sexo;;Sin información;todas_actv;todas_edad;mujer;isapre;;;;;0;0;7020;799;17179;4731;581;
;;Arica y Parinacota (XV);todas_actv;todas_edad;sin_informacion;fonasa;;;;;0;0;0;0;0;0;0;"suma de ""sin info"" + ""indeterminado"" de 2018 hacia abajo"
;;Tarapacá (I);todas_actv;todas_edad;sin_informacion;fonasa;;;;;0;0;0;0;0;0;0;"suma de ""sin info"" + ""indeterminado"" de 2018 hacia abajo"
;;Antofagasta (II);todas_actv;todas_edad;sin_informacion;fonasa;;;;;0;0;0;0;0;0;0;"suma de ""sin info"" + ""indeterminado"" de 2018 hacia abajo"
;;Atacama (III);todas_actv;todas_edad;sin_informacion;fonasa;;;;;0;0;1;0;0;0;0;"suma de ""sin info"" + ""indeterminado"" de 2018 hacia abajo"
;;Coquimbo (IV);todas_actv;todas_edad;sin_informacion;fonasa;;;;;0;0;0;0;0;0;0;"suma de ""sin info"" + ""indeterminado"" de 2018 hacia abajo"
;;Valparaíso (V);todas_actv;todas_edad;sin_informacion;fonasa;;;;;0;0;0;0;0;0;0;"suma de ""sin info"" + ""indeterminado"" de 2018 hacia abajo"
;;Metropolitana (RM);todas_actv;todas_edad;sin_informacion;fonasa;;;;;0;0;4;0;0;0;0;"suma de ""sin info"" + ""indeterminado"" de 2018 hacia abajo"
;;O'Higgins (VI);todas_actv;todas_edad;sin_informacion;fonasa;;;;;0;0;0;0;0;0;0;"suma de ""sin info"" + ""indeterminado"" de 2018 hacia abajo"
;;Maule (VII);todas_actv;todas_edad;sin_informacion;fonasa;;;;;0;0;0;0;0;0;0;"suma de ""sin info"" + ""indeterminado"" de 2018 hacia abajo"
;;Ñuble (XVI);todas_actv;todas_edad;sin_informacion;fonasa;;;;;0;0;0;0;0;0;0;"suma de ""sin info"" + ""indeterminado"" de 2018 hacia abajo"
;;Biobío (VIII);todas_actv;todas_edad;sin_informacion;fonasa;;;;;0;0;2;0;0;0;0;"suma de ""sin info"" + ""indeterminado"" de 2018 hacia abajo"
;;La Araucanía (IX);todas_actv;todas_edad;sin_informacion;fonasa;;;;;0;0;1;0;0;0;0;"suma de ""sin info"" + ""indeterminado"" de 2018 hacia abajo"
;;Los Ríos (XIV);todas_actv;todas_edad;sin_informacion;fonasa;;;;;0;0;0;0;0;0;0;"suma de ""sin info"" + ""indeterminado"" de 2018 hacia abajo"
;;Los Lagos (X);todas_actv;todas_edad;sin_informacion;fonasa;;;;;0;0;0;0;0;0;0;"suma de ""sin info"" + ""indeterminado"" de 2018 hacia abajo"
;;Aysén (XI);todas_actv;todas_edad;sin_informacion;fonasa;;;;;0;0;0;0;0;0;0;"suma de ""sin info"" + ""indeterminado"" de 2018 hacia abajo"
;;Magallanes (XII);todas_actv;todas_edad;sin_informacion;fonasa;;;;;0;0;1;0;0;0;0;"suma de ""sin info"" + ""indeterminado"" de 2018 hacia abajo"
;;Sin información;todas_actv;todas_edad;sin_informacion;fonasa;;;;;0;0;0;0;0;0;0;"suma de ""sin info"" + ""indeterminado"" de 2018 hacia abajo"
;;Arica y Parinacota (XV);todas_actv;todas_edad;sin_informacion;isapre;;;;;0;0;0;0;0;0;0;"suma de ""sin info"" + ""indeterminado"" de 2018 hacia abajo"
;;Tarapacá (I);todas_actv;todas_edad;sin_informacion;isapre;;;;;0;0;0;0;0;0;0;"suma de ""sin info"" + ""indeterminado"" de 2018 hacia abajo"
;;Antofagasta (II);todas_actv;todas_edad;sin_informacion;isapre;;;;;0;0;0;0;0;0;0;"suma de ""sin info"" + ""indeterminado"" de 2018 hacia abajo"
;;Atacama (III);todas_actv;todas_edad;sin_informacion;isapre;;;;;0;0;0;0;0;0;0;"suma de ""sin info"" + ""indeterminado"" de 2018 hacia abajo"
;;Coquimbo (IV);todas_actv;todas_edad;sin_informacion;isapre;;;;;0;0;0;0;0;0;0;"suma de ""sin info"" + ""indeterminado"" de 2018 hacia abajo"
;;Valparaíso (V);todas_actv;todas_edad;sin_informacion;isapre;;;;;0;0;0;0;0;0;0;"suma de ""sin info"" + ""indeterminado"" de 2018 hacia abajo"
;;Metropolitana (RM);todas_actv;todas_edad;sin_informacion;isapre;;;;;0;0;0;0;0;0;0;"suma de ""sin info"" + ""indeterminado"" de 2018 hacia abajo"
;;O'Higgins (VI);todas_actv;todas_edad;sin_informacion;isapre;;;;;0;0;0;0;0;0;0;"suma de ""sin info"" + ""indeterminado"" de 2018 hacia abajo"
;;Maule (VII);todas_actv;todas_edad;sin_informacion;isapre;;;;;0;0;0;0;0;0;0;"suma de ""sin info"" + ""indeterminado"" de 2018 hacia abajo"
;;Ñuble (XVI);todas_actv;todas_edad;sin_informacion;isapre;;;;;0;0;0;0;0;0;0;"suma de ""sin info"" + ""indeterminado"" de 2018 hacia abajo"
;;Biobío (VIII);todas_actv;todas_edad;sin_informacion;isapre;;;;;0;0;0;0;0;0;0;"suma de ""sin info"" + ""indeterminado"" de 2018 hacia abajo"
;;La Araucanía (IX);todas_actv;todas_edad;sin_informacion;isapre;;;;;0;0;0;0;0;0;0;"suma de ""sin info"" + ""indeterminado"" de 2018 hacia abajo"
;;Los Ríos (XIV);todas_actv;todas_edad;sin_informacion;isapre;;;;;0;0;0;0;0;0;0;"suma de ""sin info"" + ""indeterminado"" de 2018 hacia abajo"
;;Los Lagos (X);todas_actv;todas_edad;sin_informacion;isapre;;;;;0;0;0;0;0;0;0;"suma de ""sin info"" + ""indeterminado"" de 2018 hacia abajo"
;;Aysén (XI);todas_actv;todas_edad;sin_informacion;isapre;;;;;0;0;0;0;0;0;0;"suma de ""sin info"" + ""indeterminado"" de 2018 hacia abajo"
;;Magallanes (XII);todas_actv;todas_edad;sin_informacion;isapre;;;;;0;0;0;0;0;0;0;"suma de ""sin info"" + ""indeterminado"" de 2018 hacia abajo"
;;Sin información;todas_actv;todas_edad;sin_informacion;isapre;;;;;0;0;0;0;0;0;0;"suma de ""sin info"" + ""indeterminado"" de 2018 hacia abajo"
LM autorizadas Seguro de Salud, Actividad economica y Sexo;;todas_regiones;Agricultura y Pesca;todas_edad;ambos_sex;fonasa;;;;;0;0;0;0;0;0;293689;
LM autorizadas Seguro de Salud, Actividad economica y Sexo;;todas_regiones;Minería;todas_edad;ambos_sex;fonasa;;;;;0;0;0;0;0;0;35725;
LM autorizadas Seguro de Salud, Actividad economica y Sexo;;todas_regiones;Industria Manufacturera;todas_edad;ambos_sex;fonasa;;;;;0;0;0;0;0;0;567309;
LM autorizadas Seguro de Salud, Actividad economica y Sexo;;todas_regiones;Electricidad, Gas y Agua;todas_edad;ambos_sex;fonasa;;;;;0;0;0;0;0;0;18124;
LM autorizadas Seguro de Salud, Actividad economica y Sexo;;todas_regiones;Construcción;todas_edad;ambos_sex;fonasa;;;;;0;0;0;0;0;0;578762;
LM autorizadas Seguro de Salud, Actividad economica y Sexo;;todas_regiones;Comercio ;todas_edad;ambos_sex;fonasa;;;;;0;0;0;0;0;0;1420561;
LM autorizadas Seguro de Salud, Actividad economica y Sexo;;todas_regiones;Transportes y Comunicaciones;todas_edad;ambos_sex;fonasa;;;;;0;0;0;0;0;0;434146;
LM autorizadas Seguro de Salud, Actividad economica y Sexo;;todas_regiones;Servicios;todas_edad;ambos_sex;fonasa;;;;;0;0;0;0;0;0;3399259;
LM autorizadas Seguro de Salud, Actividad economica y Sexo;;todas_regiones;Sin información;todas_edad;ambos_sex;fonasa;;;;;0;0;0;0;0;0;302341;
LM autorizadas Seguro de Salud, Actividad economica y Sexo;;todas_regiones;Agricultura y Pesca;todas_edad;ambos_sex;isapre;;;;;0;0;0;0;0;0;22928;
LM autorizadas Seguro de Salud, Actividad economica y Sexo;;todas_regiones;Minería;todas_edad;ambos_sex;isapre;;;;;0;0;0;0;0;0;65439;
LM autorizadas Seguro de Salud, Actividad economica y Sexo;;todas_regiones;Industria Manufacturera;todas_edad;ambos_sex;isapre;;;;;0;0;0;0;0;0;135185;
LM autorizadas Seguro de Salud, Actividad economica y Sexo;;todas_regiones;Electricidad, Gas y Agua;todas_edad;ambos_sex;isapre;;;;;0;0;0;0;0;0;13269;
LM autorizadas Seguro de Salud, Actividad economica y Sexo;;todas_regiones;Construcción;todas_edad;ambos_sex;isapre;;;;;0;0;0;0;0;0;91171;
LM autorizadas Seguro de Salud, Actividad economica y Sexo;;todas_regiones;Comercio ;todas_edad;ambos_sex;isapre;;;;;0;0;0;0;0;0;200265;
LM autorizadas Seguro de Salud, Actividad economica y Sexo;;todas_regiones;Transportes y Comunicaciones;todas_edad;ambos_sex;isapre;;;;;0;0;0;0;0;0;114769;
LM autorizadas Seguro de Salud, Actividad economica y Sexo;;todas_regiones;Servicios;todas_edad;ambos_sex;isapre;;;;;0;0;0;0;0;0;1177964;
LM autorizadas Seguro de Salud, Actividad economica y Sexo;;todas_regiones;Sin información;todas_edad;ambos_sex;isapre;;;;;0;0;0;0;0;0;75819;
LM autorizadas Seguro de Salud, Actividad economica y Sexo;;todas_regiones;Agricultura y Pesca;todas_edad;hombre;fonasa;;;;;0;0;0;0;0;0;175160;
LM autorizadas Seguro de Salud, Actividad economica y Sexo;;todas_regiones;Minería;todas_edad;hombre;fonasa;;;;;0;0;0;0;0;0;30786;
LM autorizadas Seguro de Salud, Actividad economica y Sexo;;todas_regiones;Industria Manufacturera;todas_edad;hombre;fonasa;;;;;0;0;0;0;0;0;353621;
LM autorizadas Seguro de Salud, Actividad economica y Sexo;;todas_regiones;Electricidad, Gas y Agua;todas_edad;hombre;fonasa;;;;;0;0;0;0;0;0;12821;
LM autorizadas Seguro de Salud, Actividad economica y Sexo;;todas_regiones;Construcción;todas_edad;hombre;fonasa;;;;;0;0;0;0;0;0;487399;
LM autorizadas Seguro de Salud, Actividad economica y Sexo;;todas_regiones;Comercio ;todas_edad;hombre;fonasa;;;;;0;0;0;0;0;0;481198;
LM autorizadas Seguro de Salud, Actividad economica y Sexo;;todas_regiones;Transportes y Comunicaciones;todas_edad;hombre;fonasa;;;;;0;0;0;0;0;0;328248;
LM autorizadas Seguro de Salud, Actividad economica y Sexo;;todas_regiones;Servicios;todas_edad;hombre;fonasa;;;;;0;0;0;0;0;0;935525;
LM autorizadas Seguro de Salud, Actividad economica y Sexo;;todas_regiones;Sin información;todas_edad;hombre;fonasa;;;;;0;0;0;0;0;0;89148;
LM autorizadas Seguro de Salud, Actividad economica y Sexo;;todas_regiones;Agricultura y Pesca;todas_edad;hombre;isapre;;;;;0;0;0;0;0;0;16634;
LM autorizadas Seguro de Salud, Actividad economica y Sexo;;todas_regiones;Minería;todas_edad;hombre;isapre;;;;;0;0;0;0;0;0;56186;
LM autorizadas Seguro de Salud, Actividad economica y Sexo;;todas_regiones;Industria Manufacturera;todas_edad;hombre;isapre;;;;;0;0;0;0;0;0;101584;
LM autorizadas Seguro de Salud, Actividad economica y Sexo;;todas_regiones;Electricidad, Gas y Agua;todas_edad;hombre;isapre;;;;;0;0;0;0;0;0;9668;
LM autorizadas Seguro de Salud, Actividad economica y Sexo;;todas_regiones;Construcción;todas_edad;hombre;isapre;;;;;0;0;0;0;0;0;74948;
LM autorizadas Seguro de Salud, Actividad economica y Sexo;;todas_regiones;Comercio ;todas_edad;hombre;isapre;;;;;0;0;0;0;0;0;119462;
LM autorizadas Seguro de Salud, Actividad economica y Sexo;;todas_regiones;Transportes y Comunicaciones;todas_edad;hombre;isapre;;;;;0;0;0;0;0;0;88372;
LM autorizadas Seguro de Salud, Actividad economica y Sexo;;todas_regiones;Servicios;todas_edad;hombre;isapre;;;;;0;0;0;0;0;0;413075;
LM autorizadas Seguro de Salud, Actividad economica y Sexo;;todas_regiones;Sin información;todas_edad;hombre;isapre;;;;;0;0;0;0;0;0;26578;
LM autorizadas Seguro de Salud, Actividad economica y Sexo;;todas_regiones;Agricultura y Pesca;todas_edad;mujer;fonasa;;;;;0;0;0;0;0;0;118529;
LM autorizadas Seguro de Salud, Actividad economica y Sexo;;todas_regiones;Minería;todas_edad;mujer;fonasa;;;;;0;0;0;0;0;0;4939;
LM autorizadas Seguro de Salud, Actividad economica y Sexo;;todas_regiones;Industria Manufacturera;todas_edad;mujer;fonasa;;;;;0;0;0;0;0;0;213688;
LM autorizadas Seguro de Salud, Actividad economica y Sexo;;todas_regiones;Electricidad, Gas y Agua;todas_edad;mujer;fonasa;;;;;0;0;0;0;0;0;5303;
LM autorizadas Seguro de Salud, Actividad economica y Sexo;;todas_regiones;Construcción;todas_edad;mujer;fonasa;;;;;0;0;0;0;0;0;91363;
LM autorizadas Seguro de Salud, Actividad economica y Sexo;;todas_regiones;Comercio ;todas_edad;mujer;fonasa;;;;;0;0;0;0;0;0;939363;
LM autorizadas Seguro de Salud, Actividad economica y Sexo;;todas_regiones;Transportes y Comunicaciones;todas_edad;mujer;fonasa;;;;;0;0;0;0;0;0;105898;
LM autorizadas Seguro de Salud, Actividad economica y Sexo;;todas_regiones;Servicios;todas_edad;mujer;fonasa;;;;;0;0;0;0;0;0;2463734;
LM autorizadas Seguro de Salud, Actividad economica y Sexo;;todas_regiones;Sin información;todas_edad;mujer;fonasa;;;;;0;0;0;0;0;0;213193;
LM autorizadas Seguro de Salud, Actividad economica y Sexo;;todas_regiones;Agricultura y Pesca;todas_edad;mujer;isapre;;;;;0;0;0;0;0;0;6294;
LM autorizadas Seguro de Salud, Actividad economica y Sexo;;todas_regiones;Minería;todas_edad;mujer;isapre;;;;;0;0;0;0;0;0;9253;
LM autorizadas Seguro de Salud, Actividad economica y Sexo;;todas_regiones;Industria Manufacturera;todas_edad;mujer;isapre;;;;;0;0;0;0;0;0;33601;
LM autorizadas Seguro de Salud, Actividad economica y Sexo;;todas_regiones;Electricidad, Gas y Agua;todas_edad;mujer;isapre;;;;;0;0;0;0;0;0;3601;
LM autorizadas Seguro de Salud, Actividad economica y Sexo;;todas_regiones;Construcción;todas_edad;mujer;isapre;;;;;0;0;0;0;0;0;16222;
LM autorizadas Seguro de Salud, Actividad economica y Sexo;;todas_regiones;Comercio ;todas_edad;mujer;isapre;;;;;0;0;0;0;0;0;80803;
LM autorizadas Seguro de Salud, Actividad economica y Sexo;;todas_regiones;Transportes y Comunicaciones;todas_edad;mujer;isapre;;;;;0;0;0;0;0;0;26396;
LM autorizadas Seguro de Salud, Actividad economica y Sexo;;todas_regiones;Servicios;todas_edad;mujer;isapre;;;;;0;0;0;0;0;0;764888;
LM autorizadas Seguro de Salud, Actividad economica y Sexo;;todas_regiones;Sin información;todas_edad;mujer;isapre;;;;;0;0;0;0;0;0;49241;
LM autorizadas Diagnostico y Seguro de Salud;Trastornos mentales;todas_regiones;todas_actv;todas_edad;ambos_sex;fonasa;;;;;738637;811429;895548;1006447;1121980;1752698;2052177;
LM autorizadas Diagnostico y Seguro de Salud;Enf. osteomusculares;todas_regiones;todas_actv;todas_edad;ambos_sex;fonasa;;;;;760826;832356;910912;965688;782342;1190512;1232905;
LM autorizadas Diagnostico y Seguro de Salud;Enf. respiratorias;todas_regiones;todas_actv;todas_edad;ambos_sex;fonasa;;;;;471051;522984;532286;577880;297507;261620;612429;
LM autorizadas Diagnostico y Seguro de Salud;Traumatismos, envenenamientos y otros;todas_regiones;todas_actv;todas_edad;ambos_sex;fonasa;;;;;255237;274089;299629;337334;274979;384610;425220;
LM autorizadas Diagnostico y Seguro de Salud;Enf. infecciosas;todas_regiones;todas_actv;todas_edad;ambos_sex;fonasa;;;;;182444;213711;254300;252645;160952;155558;218486;
LM autorizadas Diagnostico y Seguro de Salud;Enf. del Sistema Digestivo;todas_regiones;todas_actv;todas_edad;ambos_sex;fonasa;;;;;150866;170967;191758;218479;148360;210391;253915;
LM autorizadas Diagnostico y Seguro de Salud;Afecciones del embarazo, Parto y Puerperio;todas_regiones;todas_actv;todas_edad;ambos_sex;fonasa;;;;;124954;120756;122500;117867;89352;91681;106304;
LM autorizadas Diagnostico y Seguro de Salud;Enfermedades del Sist. Genito urinario;todas_regiones;todas_actv;todas_edad;ambos_sex;fonasa;;;;;111741;121844;129329;130251;91721;117762;135336;
LM autorizadas Diagnostico y Seguro de Salud;Tumores y Cánceres;todas_regiones;todas_actv;todas_edad;ambos_sex;fonasa;;;;;83900;89163;98202;102935;89074;101147;110864;
LM autorizadas Diagnostico y Seguro de Salud;Enf. cardiovasculares;todas_regiones;todas_actv;todas_edad;ambos_sex;fonasa;;;;;94043;99417;104274;108262;100247;119248;123042;
LM autorizadas Diagnostico y Seguro de Salud;COVID-19;todas_regiones;todas_actv;todas_edad;ambos_sex;fonasa;;;;;#N/D;0;0;0;673016;1341249;1210726;
;Licencia médica preventiva parental;todas_regiones;todas_actv;todas_edad;ambos_sex;fonasa;;;;;#N/D;0;0;0;95044;127818;0;
LM autorizadas Diagnostico y Seguro de Salud;Otros diagnósticos;todas_regiones;todas_actv;todas_edad;ambos_sex;fonasa;;;;;374860;407350;466830;493245;385727;514015;568512;
LM autorizadas Diagnostico y Seguro de Salud;Sin información;todas_regiones;todas_actv;todas_edad;ambos_sex;fonasa;;;;;#N/D;6;36;131;1;0;0;
LM autorizadas Diagnostico y Seguro de Salud;Trastornos mentales;todas_regiones;todas_actv;todas_edad;ambos_sex;isapre;;;;;228829;237592;264088;294794;313392;426790;403943;
LM autorizadas Diagnostico y Seguro de Salud;Enf. osteomusculares;todas_regiones;todas_actv;todas_edad;ambos_sex;isapre;;;;;255851;275647;292664;309965;225906;239713;234180;
LM autorizadas Diagnostico y Seguro de Salud;Enf. respiratorias;todas_regiones;todas_actv;todas_edad;ambos_sex;isapre;;;;;383672;410875;392108;437945;131154;86029;234577;
LM autorizadas Diagnostico y Seguro de Salud;Traumatismos, envenenamientos y otros;todas_regiones;todas_actv;todas_edad;ambos_sex;isapre;;;;;135455;145004;153965;162474;115102;108616;116672;
LM autorizadas Diagnostico y Seguro de Salud;Enf. infecciosas;todas_regiones;todas_actv;todas_edad;ambos_sex;isapre;;;;;156245;182559;196453;181350;81624;51779;77805;
LM autorizadas Diagnostico y Seguro de Salud;Enf. del Sistema Digestivo;todas_regiones;todas_actv;todas_edad;ambos_sex;isapre;;;;;127625;134184;145070;170510;89729;82611;102816;
LM autorizadas Diagnostico y Seguro de Salud;Afecciones del embarazo, Parto y Puerperio;todas_regiones;todas_actv;todas_edad;ambos_sex;isapre;;;;;55298;56141;53086;50392;37253;30673;32506;
LM autorizadas Diagnostico y Seguro de Salud;Enfermedades del Sist. Genito urinario;todas_regiones;todas_actv;todas_edad;ambos_sex;isapre;;;;;60367;65341;67988;69399;43285;40619;45980;
LM autorizadas Diagnostico y Seguro de Salud;Tumores y Cánceres;todas_regiones;todas_actv;todas_edad;ambos_sex;isapre;;;;;48692;52433;56184;60086;49888;39182;41084;
LM autorizadas Diagnostico y Seguro de Salud;Enf. cardiovasculares;todas_regiones;todas_actv;todas_edad;ambos_sex;isapre;;;;;32930;35116;36547;38044;30571;26396;26258;
LM autorizadas Diagnostico y Seguro de Salud;COVID-19;todas_regiones;todas_actv;todas_edad;ambos_sex;isapre;;;;;#N/D;0;0;0;269892;270660;415693;
;Licencia médica preventiva parental;todas_regiones;todas_actv;todas_edad;ambos_sex;isapre;;;;;#N/D;0;0;0;56874;45848;0;
LM autorizadas Diagnostico y Seguro de Salud;Otros diagnósticos;todas_regiones;todas_actv;todas_edad;ambos_sex;isapre;;;;;200941;213923;227119;241205;157723;171943;164829;
LM autorizadas Diagnostico y Seguro de Salud;Sin información;todas_regiones;todas_actv;todas_edad;ambos_sex;isapre;;;;;#N/D;83;78;543;253;35;466;
LM autorizadas Diagnostico , Seguro de Salud y Sexo;Trastornos mentales;todas_regiones;todas_actv;todas_edad;hombre;fonasa;;;;;187430;199892;216142;252112;364991;608314;705255;
LM autorizadas Diagnostico , Seguro de Salud y Sexo;Enf. osteomusculares;todas_regiones;todas_actv;todas_edad;hombre;fonasa;;;;;327339;343087;364863;391891;362936;582528;564235;
LM autorizadas Diagnostico , Seguro de Salud y Sexo;Enf. respiratorias;todas_regiones;todas_actv;todas_edad;hombre;fonasa;;;;;159922;166587;160268;182980;122041;110372;208224;
LM autorizadas Diagnostico , Seguro de Salud y Sexo;Traumatismos, envenenamientos y otros;todas_regiones;todas_actv;todas_edad;hombre;fonasa;;;;;155822;159800;171833;195086;165083;234547;254393;
LM autorizadas Diagnostico , Seguro de Salud y Sexo;Enf. infecciosas;todas_regiones;todas_actv;todas_edad;hombre;fonasa;;;;;68494;75951;87218;89779;68013;69334;83041;
LM autorizadas Diagnostico , Seguro de Salud y Sexo;Enf. del Sistema Digestivo;todas_regiones;todas_actv;todas_edad;hombre;fonasa;;;;;65036;70525;76636;88703;69472;100216;111727;
LM autorizadas Diagnostico , Seguro de Salud y Sexo;Afecciones del embarazo, Parto y Puerperio;todas_regiones;todas_actv;todas_edad;hombre;fonasa;;;;;0;0;0;204;114;129;88;
LM autorizadas Diagnostico , Seguro de Salud y Sexo;Enfermedades del Sist. Genito urinario;todas_regiones;todas_actv;todas_edad;hombre;fonasa;;;;;35962;37990;38235;40403;34809;44535;45683;
LM autorizadas Diagnostico , Seguro de Salud y Sexo;Tumores y Cánceres;todas_regiones;todas_actv;todas_edad;hombre;fonasa;;;;;38954;41516;45650;48738;44396;47610;50036;
LM autorizadas Diagnostico , Seguro de Salud y Sexo;Enf. cardiovasculares;todas_regiones;todas_actv;todas_edad;hombre;fonasa;;;;;61652;63770;65445;69363;67978;80306;81399;
LM autorizadas Diagnostico , Seguro de Salud y Sexo;COVID-19;todas_regiones;todas_actv;todas_edad;hombre;fonasa;;;;;#N/D;0;0;0;383227;733727;551843;
;Licencia médica preventiva parental;todas_regiones;todas_actv;todas_edad;hombre;fonasa;;;;;#N/D;0;0;0;19;77;0;
LM autorizadas Diagnostico , Seguro de Salud y Sexo;Otros diagnósticos;todas_regiones;todas_actv;todas_edad;hombre;fonasa;;;;;154497;162096;171729;191307;173048;235153;237982;
LM autorizadas Diagnostico , Seguro de Salud y Sexo;Sin información;todas_regiones;todas_actv;todas_edad;hombre;fonasa;;;;;#N/D;2;20;69;0;0;0;
LM autorizadas Diagnostico , Seguro de Salud y Sexo;Trastornos mentales;todas_regiones;todas_actv;todas_edad;mujer;fonasa;;;;;551207;611537;679406;754335;756989;1144384;1346922;
LM autorizadas Diagnostico , Seguro de Salud y Sexo;Enf. osteomusculares;todas_regiones;todas_actv;todas_edad;mujer;fonasa;;;;;433487;489269;546046;573797;419406;607984;668670;
LM autorizadas Diagnostico , Seguro de Salud y Sexo;Enf. respiratorias;todas_regiones;todas_actv;todas_edad;mujer;fonasa;;;;;311129;356397;372016;394900;175466;151248;404205;
LM autorizadas Diagnostico , Seguro de Salud y Sexo;Traumatismos, envenenamientos y otros;todas_regiones;todas_actv;todas_edad;mujer;fonasa;;;;;99414;114289;127796;142248;109896;150063;170827;
LM autorizadas Diagnostico , Seguro de Salud y Sexo;Enf. infecciosas;todas_regiones;todas_actv;todas_edad;mujer;fonasa;;;;;113950;137760;167081;162866;92939;86224;135445;
LM autorizadas Diagnostico , Seguro de Salud y Sexo;Enf. del Sistema Digestivo;todas_regiones;todas_actv;todas_edad;mujer;fonasa;;;;;85830;100442;115122;129776;78888;110175;142188;
LM autorizadas Diagnostico , Seguro de Salud y Sexo;Afecciones del embarazo, Parto y Puerperio;todas_regiones;todas_actv;todas_edad;mujer;fonasa;;;;;124954;120756;122500;117663;89238;91552;106216;
LM autorizadas Diagnostico , Seguro de Salud y Sexo;Enfermedades del Sist. Genito urinario;todas_regiones;todas_actv;todas_edad;mujer;fonasa;;;;;75779;83854;91093;89848;56912;73227;89653;
LM autorizadas Diagnostico , Seguro de Salud y Sexo;Tumores y Cánceres;todas_regiones;todas_actv;todas_edad;mujer;fonasa;;;;;44946;47647;52551;54197;44678;53537;60828;
LM autorizadas Diagnostico , Seguro de Salud y Sexo;Enf. cardiovasculares;todas_regiones;todas_actv;todas_edad;mujer;fonasa;;;;;32391;35647;38829;38899;32269;38942;41643;
LM autorizadas Diagnostico , Seguro de Salud y Sexo;COVID-19;todas_regiones;todas_actv;todas_edad;mujer;fonasa;;;;;#N/D;0;0;0;289789;607522;658883;
;Licencia médica preventiva parental;todas_regiones;todas_actv;todas_edad;mujer;fonasa;;;;;#N/D;0;0;0;95025;127741;0;
LM autorizadas Diagnostico , Seguro de Salud y Sexo;Otros diagnósticos;todas_regiones;todas_actv;todas_edad;mujer;fonasa;;;;;220363;245254;295100;301938;212679;278862;330530;
LM autorizadas Diagnostico , Seguro de Salud y Sexo;Sin información;todas_regiones;todas_actv;todas_edad;mujer;fonasa;;;;;#N/D;4;16;62;1;0;0;
LM autorizadas Diagnostico , Seguro de Salud y Sexo;Trastornos mentales;todas_regiones;todas_actv;todas_edad;sin_info;fonasa;;;;;#N/D;0;0;0;0;0;0;
LM autorizadas Diagnostico , Seguro de Salud y Sexo;Enf. osteomusculares;todas_regiones;todas_actv;todas_edad;sin_info;fonasa;;;;;#N/D;0;3;0;0;0;0;
LM autorizadas Diagnostico , Seguro de Salud y Sexo;Enf. respiratorias;todas_regiones;todas_actv;todas_edad;sin_info;fonasa;;;;;#N/D;0;2;0;0;0;0;
LM autorizadas Diagnostico , Seguro de Salud y Sexo;Traumatismos, envenenamientos y otros;todas_regiones;todas_actv;todas_edad;sin_info;fonasa;;;;;#N/D;0;0;0;0;0;0;
LM autorizadas Diagnostico , Seguro de Salud y Sexo;Enf. infecciosas;todas_regiones;todas_actv;todas_edad;sin_info;fonasa;;;;;#N/D;0;1;0;0;0;0;
LM autorizadas Diagnostico , Seguro de Salud y Sexo;Enf. del Sistema Digestivo;todas_regiones;todas_actv;todas_edad;sin_info;fonasa;;;;;#N/D;0;0;0;0;0;0;
LM autorizadas Diagnostico , Seguro de Salud y Sexo;Afecciones del embarazo, Parto y Puerperio;todas_regiones;todas_actv;todas_edad;sin_info;fonasa;;;;;#N/D;0;0;0;0;0;0;
LM autorizadas Diagnostico , Seguro de Salud y Sexo;Enfermedades del Sist. Genito urinario;todas_regiones;todas_actv;todas_edad;sin_info;fonasa;;;;;#N/D;0;1;0;0;0;0;
LM autorizadas Diagnostico , Seguro de Salud y Sexo;Tumores y Cánceres;todas_regiones;todas_actv;todas_edad;sin_info;fonasa;;;;;#N/D;0;1;0;0;0;0;
LM autorizadas Diagnostico , Seguro de Salud y Sexo;Enf. cardiovasculares;todas_regiones;todas_actv;todas_edad;sin_info;fonasa;;;;;#N/D;0;0;0;0;0;0;
LM autorizadas Diagnostico , Seguro de Salud y Sexo;COVID-19;todas_regiones;todas_actv;todas_edad;sin_info;fonasa;;;;;#N/D;0;0;0;0;0;0;
;Licencia médica preventiva parental;todas_regiones;todas_actv;todas_edad;sin_info;fonasa;;;;;#N/D;0;0;0;0;0;0;
LM autorizadas Diagnostico , Seguro de Salud y Sexo;Otros diagnósticos;todas_regiones;todas_actv;todas_edad;sin_info;fonasa;;;;;#N/D;0;1;0;0;0;0;
LM autorizadas Diagnostico , Seguro de Salud y Sexo;Sin información;todas_regiones;todas_actv;todas_edad;sin_info;fonasa;;;;;#N/D;0;0;0;0;0;0;
LM autorizadas Diagnostico , Seguro de Salud y Sexo;Trastornos mentales;todas_regiones;todas_actv;todas_edad;hombre;isapre;;;;;187430;97199;107103;122976;144640;188195;166535;
LM autorizadas Diagnostico , Seguro de Salud y Sexo;Enf. osteomusculares;todas_regiones;todas_actv;todas_edad;hombre;isapre;;;;;327339;155755;163883;172852;136612;145226;132791;
LM autorizadas Diagnostico , Seguro de Salud y Sexo;Enf. respiratorias;todas_regiones;todas_actv;todas_edad;hombre;isapre;;;;;159922;183516;173561;196212;74331;45601;99080;
LM autorizadas Diagnostico , Seguro de Salud y Sexo;Traumatismos, envenenamientos y otros;todas_regiones;todas_actv;todas_edad;hombre;isapre;;;;;155822;97295;103112;107838;77492;73294;76859;
LM autorizadas Diagnostico , Seguro de Salud y Sexo;Enf. infecciosas;todas_regiones;todas_actv;todas_edad;hombre;isapre;;;;;68494;93114;99441;89326;45747;27638;36313;
LM autorizadas Diagnostico , Seguro de Salud y Sexo;Enf. del Sistema Digestivo;todas_regiones;todas_actv;todas_edad;hombre;isapre;;;;;65036;69152;74189;88417;50786;45114;51686;
LM autorizadas Diagnostico , Seguro de Salud y Sexo;Afecciones del embarazo, Parto y Puerperio;todas_regiones;todas_actv;todas_edad;hombre;isapre;;;;;0;3852;4110;3850;1544;33;16;
LM autorizadas Diagnostico , Seguro de Salud y Sexo;Enfermedades del Sist. Genito urinario;todas_regiones;todas_actv;todas_edad;hombre;isapre;;;;;35962;22927;24221;24803;17379;15248;15552;
LM autorizadas Diagnostico , Seguro de Salud y Sexo;Tumores y Cánceres;todas_regiones;todas_actv;todas_edad;hombre;isapre;;;;;38954;23866;26194;28562;24234;18102;18522;
LM autorizadas Diagnostico , Seguro de Salud y Sexo;Enf. cardiovasculares;todas_regiones;todas_actv;todas_edad;hombre;isapre;;;;;61652;22544;23634;24521;21487;18390;17564;
LM autorizadas Diagnostico , Seguro de Salud y Sexo;COVID-19;todas_regiones;todas_actv;todas_edad;hombre;isapre;;;;;#N/D;0;0;0;184962;177785;218468;
;Licencia médica preventiva parental;todas_regiones;todas_actv;todas_edad;hombre;isapre;;;;;#N/D;0;0;0;114;126;0;
LM autorizadas Diagnostico , Seguro de Salud y Sexo;Otros diagnósticos;todas_regiones;todas_actv;todas_edad;hombre;isapre;;;;;154497;97484;103911;109857;81065;86335;72892;
LM autorizadas Diagnostico , Seguro de Salud y Sexo;Sin información;todas_regiones;todas_actv;todas_edad;hombre;isapre;;;;;#N/D;21;6;188;99;14;229;
LM autorizadas Diagnostico , Seguro de Salud y Sexo;Trastornos mentales;todas_regiones;todas_actv;todas_edad;mujer;isapre;;;;;551207;140393;156985;171818;168747;238589;237408;
LM autorizadas Diagnostico , Seguro de Salud y Sexo;Enf. osteomusculares;todas_regiones;todas_actv;todas_edad;mujer;isapre;;;;;433487;119892;128781;137113;89293;94486;101389;
LM autorizadas Diagnostico , Seguro de Salud y Sexo;Enf. respiratorias;todas_regiones;todas_actv;todas_edad;mujer;isapre;;;;;311129;227359;218548;241732;56821;40428;135497;
LM autorizadas Diagnostico , Seguro de Salud y Sexo;Traumatismos, envenenamientos y otros;todas_regiones;todas_actv;todas_edad;mujer;isapre;;;;;99414;47710;50853;54636;37610;35313;39812;
LM autorizadas Diagnostico , Seguro de Salud y Sexo;Enf. infecciosas;todas_regiones;todas_actv;todas_edad;mujer;isapre;;;;;113950;89445;97012;92024;35877;24141;41492;
LM autorizadas Diagnostico , Seguro de Salud y Sexo;Enf. del Sistema Digestivo;todas_regiones;todas_actv;todas_edad;mujer;isapre;;;;;85830;65032;70881;82092;38943;37496;51130;
LM autorizadas Diagnostico , Seguro de Salud y Sexo;Afecciones del embarazo, Parto y Puerperio;todas_regiones;todas_actv;todas_edad;mujer;isapre;;;;;124954;52289;48976;46542;35700;30633;32490;
LM autorizadas Diagnostico , Seguro de Salud y Sexo;Enfermedades del Sist. Genito urinario;todas_regiones;todas_actv;todas_edad;mujer;isapre;;;;;75779;42414;43767;44596;25904;25371;30428;
LM autorizadas Diagnostico , Seguro de Salud y Sexo;Tumores y Cánceres;todas_regiones;todas_actv;todas_edad;mujer;isapre;;;;;44946;28567;29990;31524;25654;21080;22562;
LM autorizadas Diagnostico , Seguro de Salud y Sexo;Enf. cardiovasculares;todas_regiones;todas_actv;todas_edad;mujer;isapre;;;;;32391;12572;12913;13523;9084;8006;8694;
LM autorizadas Diagnostico , Seguro de Salud y Sexo;COVID-19;todas_regiones;todas_actv;todas_edad;mujer;isapre;;;;;#N/D;0;0;0;84924;92873;197224;
;Licencia médica preventiva parental;todas_regiones;todas_actv;todas_edad;mujer;isapre;;;;;#N/D;0;0;0;56751;45708;0;
LM autorizadas Diagnostico , Seguro de Salud y Sexo;Otros diagnósticos;todas_regiones;todas_actv;todas_edad;mujer;isapre;;;;;220363;116439;123207;131348;76656;85605;91936;
LM autorizadas Diagnostico , Seguro de Salud y Sexo;Sin información;todas_regiones;todas_actv;todas_edad;mujer;isapre;;;;;#N/D;63;72;355;154;21;237;
LM autorizadas Diagnostico , Seguro de Salud y Sexo;Trastornos mentales;todas_regiones;todas_actv;todas_edad;sin_info;isapre;;;;;#N/D;0;0;0;5;6;0;
LM autorizadas Diagnostico , Seguro de Salud y Sexo;Enf. osteomusculares;todas_regiones;todas_actv;todas_edad;sin_info;isapre;;;;;#N/D;0;0;0;2;1;0;
LM autorizadas Diagnostico , Seguro de Salud y Sexo;Enf. respiratorias;todas_regiones;todas_actv;todas_edad;sin_info;isapre;;;;;#N/D;0;0;0;2;0;0;
LM autorizadas Diagnostico , Seguro de Salud y Sexo;Traumatismos, envenenamientos y otros;todas_regiones;todas_actv;todas_edad;sin_info;isapre;;;;;#N/D;0;0;0;0;9;1;
LM autorizadas Diagnostico , Seguro de Salud y Sexo;Enf. infecciosas;todas_regiones;todas_actv;todas_edad;sin_info;isapre;;;;;#N/D;0;0;0;0;0;0;
LM autorizadas Diagnostico , Seguro de Salud y Sexo;Enf. del Sistema Digestivo;todas_regiones;todas_actv;todas_edad;sin_info;isapre;;;;;#N/D;0;0;0;0;1;0;
LM autorizadas Diagnostico , Seguro de Salud y Sexo;Afecciones del embarazo, Parto y Puerperio;todas_regiones;todas_actv;todas_edad;sin_info;isapre;;;;;#N/D;0;0;0;9;7;0;
LM autorizadas Diagnostico , Seguro de Salud y Sexo;Enfermedades del Sist. Genito urinario;todas_regiones;todas_actv;todas_edad;sin_info;isapre;;;;;#N/D;0;0;0;2;0;0;
LM autorizadas Diagnostico , Seguro de Salud y Sexo;Tumores y Cánceres;todas_regiones;todas_actv;todas_edad;sin_info;isapre;;;;;#N/D;0;0;0;0;0;0;
LM autorizadas Diagnostico , Seguro de Salud y Sexo;Enf. cardiovasculares;todas_regiones;todas_actv;todas_edad;sin_info;isapre;;;;;#N/D;0;0;0;0;0;0;
LM autorizadas Diagnostico , Seguro de Salud y Sexo;COVID-19;todas_regiones;todas_actv;todas_edad;sin_info;isapre;;;;;#N/D;0;0;0;6;2;1;
;Licencia médica preventiva parental;todas_regiones;todas_actv;todas_edad;sin_info;isapre;;;;;#N/D;0;0;0;9;14;0;
LM autorizadas Diagnostico , Seguro de Salud y Sexo;Otros diagnósticos;todas_regiones;todas_actv;todas_edad;sin_info;isapre;;;;;#N/D;0;0;0;3;3;1;
LM autorizadas Diagnostico , Seguro de Salud y Sexo;Sin información;todas_regiones;todas_actv;todas_edad;sin_info;isapre;;;;;#N/D;0;0;0;0;0;0;
LM autorizadas Diagnostico, Seguro de Salud, Edad;Trastornos mentales;todas_regiones;todas_actv;19 y menos;ambos_sex;fonasa;;;;;3602;3226;3510;3922;3897;7120;11346;
LM autorizadas Diagnostico, Seguro de Salud, Edad;Enf. osteomusculares;todas_regiones;todas_actv;19 y menos;ambos_sex;fonasa;;;;;5722;4755;5000;4629;3417;7014;7538;
LM autorizadas Diagnostico, Seguro de Salud, Edad;Enf. respiratorias;todas_regiones;todas_actv;19 y menos;ambos_sex;fonasa;;;;;5460;4323;4397;4615;2460;2813;7361;
LM autorizadas Diagnostico, Seguro de Salud, Edad;Traumatismos, envenenamientos y otros;todas_regiones;todas_actv;19 y menos;ambos_sex;fonasa;;;;;5474;3682;3918;3772;2600;4865;5478;
LM autorizadas Diagnostico, Seguro de Salud, Edad;Enf. infecciosas;todas_regiones;todas_actv;19 y menos;ambos_sex;fonasa;;;;;2705;2380;3024;2765;1684;1891;2648;
LM autorizadas Diagnostico, Seguro de Salud, Edad;Enf. del Sistema Digestivo;todas_regiones;todas_actv;19 y menos;ambos_sex;fonasa;;;;;1730;1442;1648;1889;1195;2130;2556;
LM autorizadas Diagnostico, Seguro de Salud, Edad;Afecciones del embarazo, Parto y Puerperio;todas_regiones;todas_actv;19 y menos;ambos_sex;fonasa;;;;;2083;1477;1370;1091;624;783;860;
LM autorizadas Diagnostico, Seguro de Salud, Edad;Enfermedades del Sist. Genito urinario;todas_regiones;todas_actv;19 y menos;ambos_sex;fonasa;;;;;1035;887;880;771;490;815;983;
LM autorizadas Diagnostico, Seguro de Salud, Edad;Tumores y Cánceres;todas_regiones;todas_actv;19 y menos;ambos_sex;fonasa;;;;;125;103;127;103;110;98;149;
LM autorizadas Diagnostico, Seguro de Salud, Edad;Enf. cardiovasculares;todas_regiones;todas_actv;19 y menos;ambos_sex;fonasa;;;;;142;155;154;161;94;159;171;
LM autorizadas Diagnostico, Seguro de Salud, Edad;COVID-19;todas_regiones;todas_actv;19 y menos;ambos_sex;fonasa;;;;;#N/D;0;0;0;8410;25694;19406;
;Licencia médica preventiva parental;todas_regiones;todas_actv;19 y menos;ambos_sex;fonasa;;;;;#N/D;0;0;0;180;155;0;
LM autorizadas Diagnostico, Seguro de Salud, Edad;Otros diagnósticos;todas_regiones;todas_actv;19 y menos;ambos_sex;fonasa;;;;;2473;2763;3143;3101;2056;3440;4090;
LM autorizadas Diagnostico, Seguro de Salud, Edad;Sin información;todas_regiones;todas_actv;19 y menos;ambos_sex;fonasa;;;;;#N/D;0;0;7;0;0;0;
LM autorizadas Diagnostico, Seguro de Salud, Edad;Trastornos mentales;todas_regiones;todas_actv;20-24;ambos_sex;fonasa;;;;;61061;62652;68129;76671;76754;132895;155813;
LM autorizadas Diagnostico, Seguro de Salud, Edad;Enf. osteomusculares;todas_regiones;todas_actv;20-24;ambos_sex;fonasa;;;;;53551;51479;54431;56398;41062;68080;68461;
LM autorizadas Diagnostico, Seguro de Salud, Edad;Enf. respiratorias;todas_regiones;todas_actv;20-24;ambos_sex;fonasa;;;;;44799;42416;43895;47550;24546;22498;54619;
LM autorizadas Diagnostico, Seguro de Salud, Edad;Traumatismos, envenenamientos y otros;todas_regiones;todas_actv;20-24;ambos_sex;fonasa;;;;;29224;28125;29912;32168;23831;36342;38304;
LM autorizadas Diagnostico, Seguro de Salud, Edad;Enf. infecciosas;todas_regiones;todas_actv;20-24;ambos_sex;fonasa;;;;;23966;24793;30194;30758;17501;17461;23923;
LM autorizadas Diagnostico, Seguro de Salud, Edad;Enf. del Sistema Digestivo;todas_regiones;todas_actv;20-24;ambos_sex;fonasa;;;;;13757;14304;15916;18567;11918;17684;20548;
LM autorizadas Diagnostico, Seguro de Salud, Edad;Afecciones del embarazo, Parto y Puerperio;todas_regiones;todas_actv;20-24;ambos_sex;fonasa;;;;;22226;19957;18848;17724;13089;12581;14135;
LM autorizadas Diagnostico, Seguro de Salud, Edad;Enfermedades del Sist. Genito urinario;todas_regiones;todas_actv;20-24;ambos_sex;fonasa;;;;;8827;8955;9385;9071;5467;7290;8213;
LM autorizadas Diagnostico, Seguro de Salud, Edad;Tumores y Cánceres;todas_regiones;todas_actv;20-24;ambos_sex;fonasa;;;;;1564;1347;1329;1416;1049;1416;1420;
LM autorizadas Diagnostico, Seguro de Salud, Edad;Enf. cardiovasculares;todas_regiones;todas_actv;20-24;ambos_sex;fonasa;;;;;1713;1639;1650;1690;1256;1561;1636;
LM autorizadas Diagnostico, Seguro de Salud, Edad;COVID-19;todas_regiones;todas_actv;20-24;ambos_sex;fonasa;;;;;#N/D;0;0;0;70770;163572;123347;
;Licencia médica preventiva parental;todas_regiones;todas_actv;20-24;ambos_sex;fonasa;;;;;#N/D;0;0;0;10583;13129;0;
LM autorizadas Diagnostico, Seguro de Salud, Edad;Otros diagnósticos;todas_regiones;todas_actv;20-24;ambos_sex;fonasa;;;;;26943;26500;32406;32841;23413;31726;34546;
LM autorizadas Diagnostico, Seguro de Salud, Edad;Sin información;todas_regiones;todas_actv;20-24;ambos_sex;fonasa;;;;;#N/D;1;2;20;0;11;0;
LM autorizadas Diagnostico, Seguro de Salud, Edad;Trastornos mentales;todas_regiones;todas_actv;25-34;ambos_sex;fonasa;;;;;264556;288448;318636;363658;379600;695717;756871;
LM autorizadas Diagnostico, Seguro de Salud, Edad;Enf. osteomusculares;todas_regiones;todas_actv;25-34;ambos_sex;fonasa;;;;;177300;189817;208283;223085;168408;271319;273252;
LM autorizadas Diagnostico, Seguro de Salud, Edad;Enf. respiratorias;todas_regiones;todas_actv;25-34;ambos_sex;fonasa;;;;;148585;158430;166628;186198;88508;80383;203032;
LM autorizadas Diagnostico, Seguro de Salud, Edad;Traumatismos, envenenamientos y otros;todas_regiones;todas_actv;25-34;ambos_sex;fonasa;;;;;66315;70524;78933;89645;69423;102709;112536;
LM autorizadas Diagnostico, Seguro de Salud, Edad;Enf. infecciosas;todas_regiones;todas_actv;25-34;ambos_sex;fonasa;;;;;70750;83926;101888;101355;60359;59581;86579;
LM autorizadas Diagnostico, Seguro de Salud, Edad;Enf. del Sistema Digestivo;todas_regiones;todas_actv;25-34;ambos_sex;fonasa;;;;;42870;48730;55502;66067;42538;61495;74879;
LM autorizadas Diagnostico, Seguro de Salud, Edad;Afecciones del embarazo, Parto y Puerperio;todas_regiones;todas_actv;25-34;ambos_sex;fonasa;;;;;73581;71969;73535;72200;54554;57303;65518;
LM autorizadas Diagnostico, Seguro de Salud, Edad;Enfermedades del Sist. Genito urinario;todas_regiones;todas_actv;25-34;ambos_sex;fonasa;;;;;30457;32802;35260;35929;23205;31499;35386;
LM autorizadas Diagnostico, Seguro de Salud, Edad;Tumores y Cánceres;todas_regiones;todas_actv;25-34;ambos_sex;fonasa;;;;;7704;8096;9118;9192;7922;10626;10144;
LM autorizadas Diagnostico, Seguro de Salud, Edad;Enf. cardiovasculares;todas_regiones;todas_actv;25-34;ambos_sex;fonasa;;;;;7729;8182;8921;9315;7867;10785;9668;
LM autorizadas Diagnostico, Seguro de Salud, Edad;COVID-19;todas_regiones;todas_actv;25-34;ambos_sex;fonasa;;;;;#N/D;0;0;0;212127;446849;400168;
;Licencia médica preventiva parental;todas_regiones;todas_actv;25-34;ambos_sex;fonasa;;;;;#N/D;0;0;0;60581;82376;0;
LM autorizadas Diagnostico, Seguro de Salud, Edad;Otros diagnósticos;todas_regiones;todas_actv;25-34;ambos_sex;fonasa;;;;;89630;95688;118244;124008;92585;125924;140482;
LM autorizadas Diagnostico, Seguro de Salud, Edad;Sin información;todas_regiones;todas_actv;25-34;ambos_sex;fonasa;;;;;#N/D;1;14;25;0;84;0;
LM autorizadas Diagnostico, Seguro de Salud, Edad;Trastornos mentales;todas_regiones;todas_actv;35-44;ambos_sex;fonasa;;;;;201516;222580;242676;271036;289455;534159;556878;
LM autorizadas Diagnostico, Seguro de Salud, Edad;Enf. osteomusculares;todas_regiones;todas_actv;35-44;ambos_sex;fonasa;;;;;174364;189656;205841;216298;173307;279197;272761;
LM autorizadas Diagnostico, Seguro de Salud, Edad;Enf. respiratorias;todas_regiones;todas_actv;35-44;ambos_sex;fonasa;;;;;108755;123113;125454;135255;67285;61242;146227;
LM autorizadas Diagnostico, Seguro de Salud, Edad;Traumatismos, envenenamientos y otros;todas_regiones;todas_actv;35-44;ambos_sex;fonasa;;;;;54029;58244;63005;69881;56332;80062;87901;
LM autorizadas Diagnostico, Seguro de Salud, Edad;Enf. infecciosas;todas_regiones;todas_actv;35-44;ambos_sex;fonasa;;;;;40832;49357;58159;57554;36669;35629;51260;
LM autorizadas Diagnostico, Seguro de Salud, Edad;Enf. del Sistema Digestivo;todas_regiones;todas_actv;35-44;ambos_sex;fonasa;;;;;34631;39951;44224;50628;33682;48768;59354;
LM autorizadas Diagnostico, Seguro de Salud, Edad;Afecciones del embarazo, Parto y Puerperio;todas_regiones;todas_actv;35-44;ambos_sex;fonasa;;;;;26417;26677;27993;26067;20588;21511;25183;
LM autorizadas Diagnostico, Seguro de Salud, Edad;Enfermedades del Sist. Genito urinario;todas_regiones;todas_actv;35-44;ambos_sex;fonasa;;;;;26932;29529;31487;31685;21785;29593;33382;
LM autorizadas Diagnostico, Seguro de Salud, Edad;Tumores y Cánceres;todas_regiones;todas_actv;35-44;ambos_sex;fonasa;;;;;15008;15443;16951;17490;14828;18437;19754;
LM autorizadas Diagnostico, Seguro de Salud, Edad;Enf. cardiovasculares;todas_regiones;todas_actv;35-44;ambos_sex;fonasa;;;;;13508;14213;15039;15449;13027;18030;17295;
LM autorizadas Diagnostico, Seguro de Salud, Edad;COVID-19;todas_regiones;todas_actv;35-44;ambos_sex;fonasa;;;;;#N/D;0;0;0;152124;310728;287670;
;Licencia médica preventiva parental;todas_regiones;todas_actv;35-44;ambos_sex;fonasa;;;;;#N/D;0;0;0;23338;32521;0;
LM autorizadas Diagnostico, Seguro de Salud, Edad;Otros diagnósticos;todas_regiones;todas_actv;35-44;ambos_sex;fonasa;;;;;84280;92114;104541;110708;84186;120473;129491;
LM autorizadas Diagnostico, Seguro de Salud, Edad;Sin información;todas_regiones;todas_actv;35-44;ambos_sex;fonasa;;;;;#N/D;2;3;22;1;38;0;
LM autorizadas Diagnostico, Seguro de Salud, Edad;Trastornos mentales;todas_regiones;todas_actv;45-54;ambos_sex;fonasa;;;;;126759;139434;153086;167610;195999;342636;323904;
LM autorizadas Diagnostico, Seguro de Salud, Edad;Enf. osteomusculares;todas_regiones;todas_actv;45-54;ambos_sex;fonasa;;;;;192212;210274;225050;232842;193776;312702;292390;
LM autorizadas Diagnostico, Seguro de Salud, Edad;Enf. respiratorias;todas_regiones;todas_actv;45-54;ambos_sex;fonasa;;;;;89005;102579;99426;106174;57338;51536;104875;
LM autorizadas Diagnostico, Seguro de Salud, Edad;Traumatismos, envenenamientos y otros;todas_regiones;todas_actv;45-54;ambos_sex;fonasa;;;;;54335;59725;63082;70894;59715;83287;86448;
LM autorizadas Diagnostico, Seguro de Salud, Edad;Enf. infecciosas;todas_regiones;todas_actv;45-54;ambos_sex;fonasa;;;;;26633;31644;35911;34768;25314;23924;29915;
LM autorizadas Diagnostico, Seguro de Salud, Edad;Enf. del Sistema Digestivo;todas_regiones;todas_actv;45-54;ambos_sex;fonasa;;;;;30957;34456;37783;40940;29233;42191;47214;
LM autorizadas Diagnostico, Seguro de Salud, Edad;Afecciones del embarazo, Parto y Puerperio;todas_regiones;todas_actv;45-54;ambos_sex;fonasa;;;;;516;559;612;611;418;452;543;
LM autorizadas Diagnostico, Seguro de Salud, Edad;Enfermedades del Sist. Genito urinario;todas_regiones;todas_actv;45-54;ambos_sex;fonasa;;;;;23120;25664;26876;26134;19515;25074;27026;
LM autorizadas Diagnostico, Seguro de Salud, Edad;Tumores y Cánceres;todas_regiones;todas_actv;45-54;ambos_sex;fonasa;;;;;24962;25594;27235;27879;22659;27377;29060;
LM autorizadas Diagnostico, Seguro de Salud, Edad;Enf. cardiovasculares;todas_regiones;todas_actv;45-54;ambos_sex;fonasa;;;;;25302;26058;26293;26204;23996;30433;29492;
LM autorizadas Diagnostico, Seguro de Salud, Edad;COVID-19;todas_regiones;todas_actv;45-54;ambos_sex;fonasa;;;;;#N/D;0;0;0;131034;243249;214102;
;Licencia médica preventiva parental;todas_regiones;todas_actv;45-54;ambos_sex;fonasa;;;;;#N/D;0;0;0;362;511;0;
LM autorizadas Diagnostico, Seguro de Salud, Edad;Otros diagnósticos;todas_regiones;todas_actv;45-54;ambos_sex;fonasa;;;;;88950;94667;101658;107440;86098;121925;122803;
LM autorizadas Diagnostico, Seguro de Salud, Edad;Sin información;todas_regiones;todas_actv;45-54;ambos_sex;fonasa;;;;;#N/D;2;8;29;0;27;0;
LM autorizadas Diagnostico, Seguro de Salud, Edad;Trastornos mentales;todas_regiones;todas_actv;55-64;ambos_sex;fonasa;;;;;69197;79619;91549;102288;134700;218543;200968;
LM autorizadas Diagnostico, Seguro de Salud, Edad;Enf. osteomusculares;todas_regiones;todas_actv;55-64;ambos_sex;fonasa;;;;;127830;149788;170356;184282;158544;253404;252114;
LM autorizadas Diagnostico, Seguro de Salud, Edad;Enf. respiratorias;todas_regiones;todas_actv;55-64;ambos_sex;fonasa;;;;;58261;71895;72598;75901;44368;37285;75492;
LM autorizadas Diagnostico, Seguro de Salud, Edad;Traumatismos, envenenamientos y otros;todas_regiones;todas_actv;55-64;ambos_sex;fonasa;;;;;36487;42749;48103;55774;50136;70484;75546;
LM autorizadas Diagnostico, Seguro de Salud, Edad;Enf. infecciosas;todas_regiones;todas_actv;55-64;ambos_sex;fonasa;;;;;14650;17918;20905;21027;16219;15252;19715;
LM autorizadas Diagnostico, Seguro de Salud, Edad;Enf. del Sistema Digestivo;todas_regiones;todas_actv;55-64;ambos_sex;fonasa;;;;;20991;25093;28644;31120;23149;32624;38161;
LM autorizadas Diagnostico, Seguro de Salud, Edad;Afecciones del embarazo, Parto y Puerperio;todas_regiones;todas_actv;55-64;ambos_sex;fonasa;;;;;97;70;106;70;60;68;55;
LM autorizadas Diagnostico, Seguro de Salud, Edad;Enfermedades del Sist. Genito urinario;todas_regiones;todas_actv;55-64;ambos_sex;fonasa;;;;;15313;17038;18705;19118;14945;19522;21893;
LM autorizadas Diagnostico, Seguro de Salud, Edad;Tumores y Cánceres;todas_regiones;todas_actv;55-64;ambos_sex;fonasa;;;;;23644;25983;29192;30748;27317;30732;33313;
LM autorizadas Diagnostico, Seguro de Salud, Edad;Enf. cardiovasculares;todas_regiones;todas_actv;55-64;ambos_sex;fonasa;;;;;30623;32912;34783;36016;34300;43715;43149;
LM autorizadas Diagnostico, Seguro de Salud, Edad;COVID-19;todas_regiones;todas_actv;55-64;ambos_sex;fonasa;;;;;#N/D;0;0;0;81928;143964;137461;
;Licencia médica preventiva parental;todas_regiones;todas_actv;55-64;ambos_sex;fonasa;;;;;#N/D;0;0;0;0;9;0;
LM autorizadas Diagnostico, Seguro de Salud, Edad;Otros diagnósticos;todas_regiones;todas_actv;55-64;ambos_sex;fonasa;;;;;62642;72344;80408;86522;73290;101423;104519;
LM autorizadas Diagnostico, Seguro de Salud, Edad;Sin información;todas_regiones;todas_actv;55-64;ambos_sex;fonasa;;;;;#N/D;0;7;23;0;33;0;
LM autorizadas Diagnostico, Seguro de Salud, Edad;Trastornos mentales;todas_regiones;todas_actv;65 y más;ambos_sex;fonasa;;;;;11945;15470;17962;21262;41575;51970;46397;
LM autorizadas Diagnostico, Seguro de Salud, Edad;Enf. osteomusculares;todas_regiones;todas_actv;65 y más;ambos_sex;fonasa;;;;;29846;36587;41951;48154;43828;61784;66389;
LM autorizadas Diagnostico, Seguro de Salud, Edad;Enf. respiratorias;todas_regiones;todas_actv;65 y más;ambos_sex;fonasa;;;;;16185;20228;19888;22187;13002;10591;20823;
LM autorizadas Diagnostico, Seguro de Salud, Edad;Traumatismos, envenenamientos y otros;todas_regiones;todas_actv;65 y más;ambos_sex;fonasa;;;;;9372;11040;12676;15200;12942;16621;19007;
LM autorizadas Diagnostico, Seguro de Salud, Edad;Enf. infecciosas;todas_regiones;todas_actv;65 y más;ambos_sex;fonasa;;;;;2908;3693;4219;4418;3206;3296;4446;
LM autorizadas Diagnostico, Seguro de Salud, Edad;Enf. del Sistema Digestivo;todas_regiones;todas_actv;65 y más;ambos_sex;fonasa;;;;;5930;6991;8041;9268;6645;8844;11203;
LM autorizadas Diagnostico, Seguro de Salud, Edad;Afecciones del embarazo, Parto y Puerperio;todas_regiones;todas_actv;65 y más;ambos_sex;fonasa;;;;;34;47;36;104;19;17;10;
LM autorizadas Diagnostico, Seguro de Salud, Edad;Enfermedades del Sist. Genito urinario;todas_regiones;todas_actv;65 y más;ambos_sex;fonasa;;;;;6057;6969;6736;7543;6314;7145;8453;
LM autorizadas Diagnostico, Seguro de Salud, Edad;Tumores y Cánceres;todas_regiones;todas_actv;65 y más;ambos_sex;fonasa;;;;;10893;12597;14250;16107;15189;15921;17024;
LM autorizadas Diagnostico, Seguro de Salud, Edad;Enf. cardiovasculares;todas_regiones;todas_actv;65 y más;ambos_sex;fonasa;;;;;15026;16258;17434;19427;19707;21943;21631;
LM autorizadas Diagnostico, Seguro de Salud, Edad;COVID-19;todas_regiones;todas_actv;65 y más;ambos_sex;fonasa;;;;;#N/D;0;0;0;16623;26805;28572;
;Licencia médica preventiva parental;todas_regiones;todas_actv;65 y más;ambos_sex;fonasa;;;;;#N/D;0;0;0;0;1;0;
LM autorizadas Diagnostico, Seguro de Salud, Edad;Otros diagnósticos;todas_regiones;todas_actv;65 y más;ambos_sex;fonasa;;;;;19941;23274;26430;28625;24099;30055;32581;
LM autorizadas Diagnostico, Seguro de Salud, Edad;Sin información;todas_regiones;todas_actv;65 y más;ambos_sex;fonasa;;;;;#N/D;0;2;5;0;17;0;
LM autorizadas Diagnostico, Seguro de Salud, Edad;Trastornos mentales;todas_regiones;todas_actv;Sin información;ambos_sex;fonasa;;;;;#N/D;0;0;0;0;0;0;
LM autorizadas Diagnostico, Seguro de Salud, Edad;Enf. osteomusculares;todas_regiones;todas_actv;Sin información;ambos_sex;fonasa;;;;;#N/D;0;0;0;0;0;0;
LM autorizadas Diagnostico, Seguro de Salud, Edad;Enf. respiratorias;todas_regiones;todas_actv;Sin información;ambos_sex;fonasa;;;;;#N/D;0;0;0;0;0;0;
LM autorizadas Diagnostico, Seguro de Salud, Edad;Traumatismos, envenenamientos y otros;todas_regiones;todas_actv;Sin información;ambos_sex;fonasa;;;;;#N/D;0;0;0;0;0;0;
LM autorizadas Diagnostico, Seguro de Salud, Edad;Enf. infecciosas;todas_regiones;todas_actv;Sin información;ambos_sex;fonasa;;;;;#N/D;0;0;0;0;0;0;
LM autorizadas Diagnostico, Seguro de Salud, Edad;Enf. del Sistema Digestivo;todas_regiones;todas_actv;Sin información;ambos_sex;fonasa;;;;;#N/D;0;0;0;0;0;0;
LM autorizadas Diagnostico, Seguro de Salud, Edad;Afecciones del embarazo, Parto y Puerperio;todas_regiones;todas_actv;Sin información;ambos_sex;fonasa;;;;;#N/D;0;0;0;0;0;0;
LM autorizadas Diagnostico, Seguro de Salud, Edad;Enfermedades del Sist. Genito urinario;todas_regiones;todas_actv;Sin información;ambos_sex;fonasa;;;;;#N/D;0;0;0;0;0;0;
LM autorizadas Diagnostico, Seguro de Salud, Edad;Tumores y Cánceres;todas_regiones;todas_actv;Sin información;ambos_sex;fonasa;;;;;#N/D;0;0;0;0;0;0;
LM autorizadas Diagnostico, Seguro de Salud, Edad;Enf. cardiovasculares;todas_regiones;todas_actv;Sin información;ambos_sex;fonasa;;;;;#N/D;0;0;0;0;0;0;
LM autorizadas Diagnostico, Seguro de Salud, Edad;COVID-19;todas_regiones;todas_actv;Sin información;ambos_sex;fonasa;;;;;#N/D;0;0;0;0;0;0;
;Licencia médica preventiva parental;todas_regiones;todas_actv;Sin información;ambos_sex;fonasa;;;;;#N/D;0;0;0;0;0;0;
LM autorizadas Diagnostico, Seguro de Salud, Edad;Otros diagnósticos;todas_regiones;todas_actv;Sin información;ambos_sex;fonasa;;;;;#N/D;0;0;0;0;0;0;
LM autorizadas Diagnostico, Seguro de Salud, Edad;Sin información;todas_regiones;todas_actv;Sin información;ambos_sex;fonasa;;;;;#N/D;0;0;0;0;0;0;
LM autorizadas Diagnostico, Seguro de Salud, Edad;Trastornos mentales;todas_regiones;todas_actv;19 y menos;ambos_sex;isapre;;;;;327;228;203;226;169;124;147;
LM autorizadas Diagnostico, Seguro de Salud, Edad;Enf. osteomusculares;todas_regiones;todas_actv;19 y menos;ambos_sex;isapre;;;;;480;386;281;231;156;71;58;
LM autorizadas Diagnostico, Seguro de Salud, Edad;Enf. respiratorias;todas_regiones;todas_actv;19 y menos;ambos_sex;isapre;;;;;629;559;369;402;162;63;80;
LM autorizadas Diagnostico, Seguro de Salud, Edad;Traumatismos, envenenamientos y otros;todas_regiones;todas_actv;19 y menos;ambos_sex;isapre;;;;;444;359;250;239;135;48;51;
LM autorizadas Diagnostico, Seguro de Salud, Edad;Enf. infecciosas;todas_regiones;todas_actv;19 y menos;ambos_sex;isapre;;;;;376;320;232;214;79;31;26;
LM autorizadas Diagnostico, Seguro de Salud, Edad;Enf. del Sistema Digestivo;todas_regiones;todas_actv;19 y menos;ambos_sex;isapre;;;;;197;159;146;150;52;40;24;
LM autorizadas Diagnostico, Seguro de Salud, Edad;Afecciones del embarazo, Parto y Puerperio;todas_regiones;todas_actv;19 y menos;ambos_sex;isapre;;;;;93;43;14;21;10;12;2;
LM autorizadas Diagnostico, Seguro de Salud, Edad;Enfermedades del Sist. Genito urinario;todas_regiones;todas_actv;19 y menos;ambos_sex;isapre;;;;;104;54;39;35;10;22;11;
LM autorizadas Diagnostico, Seguro de Salud, Edad;Tumores y Cánceres;todas_regiones;todas_actv;19 y menos;ambos_sex;isapre;;;;;12;10;11;1;2;2;0;
LM autorizadas Diagnostico, Seguro de Salud, Edad;Enf. cardiovasculares;todas_regiones;todas_actv;19 y menos;ambos_sex;isapre;;;;;19;13;14;10;5;0;1;
LM autorizadas Diagnostico, Seguro de Salud, Edad;COVID-19;todas_regiones;todas_actv;19 y menos;ambos_sex;isapre;;;;;#N/D;0;0;0;310;211;115;
;Licencia médica preventiva parental;todas_regiones;todas_actv;19 y menos;ambos_sex;isapre;;;;;#N/D;0;0;0;6;10;0;
LM autorizadas Diagnostico, Seguro de Salud, Edad;Otros diagnósticos;todas_regiones;todas_actv;19 y menos;ambos_sex;isapre;;;;;347;270;271;181;87;65;57;
LM autorizadas Diagnostico, Seguro de Salud, Edad;Sin información;todas_regiones;todas_actv;19 y menos;ambos_sex;isapre;;;;;#N/D;0;0;1;0;0;0;
LM autorizadas Diagnostico, Seguro de Salud, Edad;Trastornos mentales;todas_regiones;todas_actv;20-24;ambos_sex;isapre;;;;;9086;8638;8136;8407;7523;10193;6149;
LM autorizadas Diagnostico, Seguro de Salud, Edad;Enf. osteomusculares;todas_regiones;todas_actv;20-24;ambos_sex;isapre;;;;;11456;10309;9060;8460;5521;4940;3045;
LM autorizadas Diagnostico, Seguro de Salud, Edad;Enf. respiratorias;todas_regiones;todas_actv;20-24;ambos_sex;isapre;;;;;16268;14681;12278;12491;4992;2184;3466;
LM autorizadas Diagnostico, Seguro de Salud, Edad;Traumatismos, envenenamientos y otros;todas_regiones;todas_actv;20-24;ambos_sex;isapre;;;;;8810;8479;7328;7125;3903;3135;2277;
LM autorizadas Diagnostico, Seguro de Salud, Edad;Enf. infecciosas;todas_regiones;todas_actv;20-24;ambos_sex;isapre;;;;;9696;10118;9552;8185;3550;1564;1410;
LM autorizadas Diagnostico, Seguro de Salud, Edad;Enf. del Sistema Digestivo;todas_regiones;todas_actv;20-24;ambos_sex;isapre;;;;;5732;5077;4776;5106;2407;1698;1512;
LM autorizadas Diagnostico, Seguro de Salud, Edad;Afecciones del embarazo, Parto y Puerperio;todas_regiones;todas_actv;20-24;ambos_sex;isapre;;;;;2234;1957;1741;1223;818;623;629;
LM autorizadas Diagnostico, Seguro de Salud, Edad;Enfermedades del Sist. Genito urinario;todas_regiones;todas_actv;20-24;ambos_sex;isapre;;;;;1823;1735;1541;1605;776;560;470;
LM autorizadas Diagnostico, Seguro de Salud, Edad;Tumores y Cánceres;todas_regiones;todas_actv;20-24;ambos_sex;isapre;;;;;386;450;394;416;213;120;111;
LM autorizadas Diagnostico, Seguro de Salud, Edad;Enf. cardiovasculares;todas_regiones;todas_actv;20-24;ambos_sex;isapre;;;;;530;447;376;394;219;157;99;
LM autorizadas Diagnostico, Seguro de Salud, Edad;COVID-19;todas_regiones;todas_actv;20-24;ambos_sex;isapre;;;;;#N/D;0;0;0;10298;8824;6064;
;Licencia médica preventiva parental;todas_regiones;todas_actv;20-25;ambos_sex;isapre;;;;;#N/D;0;0;0;712;487;0;
LM autorizadas Diagnostico, Seguro de Salud, Edad;Otros diagnósticos;todas_regiones;todas_actv;20-24;ambos_sex;isapre;;;;;8041;7507;7139;6699;3806;3384;2011;
LM autorizadas Diagnostico, Seguro de Salud, Edad;Sin información;todas_regiones;todas_actv;20-24;ambos_sex;isapre;;;;;#N/D;1;3;12;5;1;5;
LM autorizadas Diagnostico, Seguro de Salud, Edad;Trastornos mentales;todas_regiones;todas_actv;25-34;ambos_sex;isapre;;;;;82521;84112;92186;103165;107522;177072;137887;
LM autorizadas Diagnostico, Seguro de Salud, Edad;Enf. osteomusculares;todas_regiones;todas_actv;25-34;ambos_sex;isapre;;;;;78023;80515;83209;88643;61814;67911;58480;
LM autorizadas Diagnostico, Seguro de Salud, Edad;Enf. respiratorias;todas_regiones;todas_actv;25-34;ambos_sex;isapre;;;;;142746;146397;140628;157976;49792;31282;76099;
LM autorizadas Diagnostico, Seguro de Salud, Edad;Traumatismos, envenenamientos y otros;todas_regiones;todas_actv;25-34;ambos_sex;isapre;;;;;48915;51304;53313;56033;37121;36642;35884;
LM autorizadas Diagnostico, Seguro de Salud, Edad;Enf. infecciosas;todas_regiones;todas_actv;25-34;ambos_sex;isapre;;;;;73616;85143;91155;84521;37237;23148;31656;
LM autorizadas Diagnostico, Seguro de Salud, Edad;Enf. del Sistema Digestivo;todas_regiones;todas_actv;25-34;ambos_sex;isapre;;;;;47080;47261;51277;61664;31478;29253;34198;
LM autorizadas Diagnostico, Seguro de Salud, Edad;Afecciones del embarazo, Parto y Puerperio;todas_regiones;todas_actv;25-34;ambos_sex;isapre;;;;;33601;33804;31369;29302;22134;18223;18482;
LM autorizadas Diagnostico, Seguro de Salud, Edad;Enfermedades del Sist. Genito urinario;todas_regiones;todas_actv;25-34;ambos_sex;isapre;;;;;19035;20169;20217;20709;12872;12206;12628;
LM autorizadas Diagnostico, Seguro de Salud, Edad;Tumores y Cánceres;todas_regiones;todas_actv;25-34;ambos_sex;isapre;;;;;5990;6733;6856;7391;5776;4924;4548;
LM autorizadas Diagnostico, Seguro de Salud, Edad;Enf. cardiovasculares;todas_regiones;todas_actv;25-34;ambos_sex;isapre;;;;;5058;5056;5100;5483;4109;3661;3182;
LM autorizadas Diagnostico, Seguro de Salud, Edad;COVID-19;todas_regiones;todas_actv;25-34;ambos_sex;isapre;;;;;#N/D;0;0;0;100685;104206;132906;
;Licencia médica preventiva parental;todas_regiones;todas_actv;25-34;ambos_sex;isapre;;;;;#N/D;0;0;0;31295;26066;0;
LM autorizadas Diagnostico, Seguro de Salud, Edad;Otros diagnósticos;todas_regiones;todas_actv;25-34;ambos_sex;isapre;;;;;67636;69470;73145;78299;49313;57539;48303;
LM autorizadas Diagnostico, Seguro de Salud, Edad;Sin información;todas_regiones;todas_actv;25-34;ambos_sex;isapre;;;;;#N/D;31;38;222;99;12;160;
LM autorizadas Diagnostico, Seguro de Salud, Edad;Trastornos mentales;todas_regiones;todas_actv;35-44;ambos_sex;isapre;;;;;71020;74790;84209;94974;102076;173866;141571;
LM autorizadas Diagnostico, Seguro de Salud, Edad;Enf. osteomusculares;todas_regiones;todas_actv;35-44;ambos_sex;isapre;;;;;70459;78047;83291;88420;64994;75124;68957;
LM autorizadas Diagnostico, Seguro de Salud, Edad;Enf. respiratorias;todas_regiones;todas_actv;35-44;ambos_sex;isapre;;;;;109204;118569;116231;131674;37051;27617;77631;
LM autorizadas Diagnostico, Seguro de Salud, Edad;Traumatismos, envenenamientos y otros;todas_regiones;todas_actv;35-44;ambos_sex;isapre;;;;;36339;38906;42525;45198;31695;32152;34557;
LM autorizadas Diagnostico, Seguro de Salud, Edad;Enf. infecciosas;todas_regiones;todas_actv;35-44;ambos_sex;isapre;;;;;42350;50830;56041;52453;23314;16276;26122;
LM autorizadas Diagnostico, Seguro de Salud, Edad;Enf. del Sistema Digestivo;todas_regiones;todas_actv;35-44;ambos_sex;isapre;;;;;34464;37581;41613;50259;26922;26066;32655;
LM autorizadas Diagnostico, Seguro de Salud, Edad;Afecciones del embarazo, Parto y Puerperio;todas_regiones;todas_actv;35-44;ambos_sex;isapre;;;;;18927;19815;19364;19280;13977;12758;13030;
LM autorizadas Diagnostico, Seguro de Salud, Edad;Enfermedades del Sist. Genito urinario;todas_regiones;todas_actv;35-44;ambos_sex;isapre;;;;;18778;20552;21929;22826;14205;14504;16020;
LM autorizadas Diagnostico, Seguro de Salud, Edad;Tumores y Cánceres;todas_regiones;todas_actv;35-44;ambos_sex;isapre;;;;;11663;12630;13263;14065;11329;9655;9664;
LM autorizadas Diagnostico, Seguro de Salud, Edad;Enf. cardiovasculares;todas_regiones;todas_actv;35-44;ambos_sex;isapre;;;;;7700;8075;8123;8802;7054;6413;5956;
LM autorizadas Diagnostico, Seguro de Salud, Edad;COVID-19;todas_regiones;todas_actv;35-44;ambos_sex;isapre;;;;;#N/D;0;0;0;76692;86650;135535;
;Licencia médica preventiva parental;todas_regiones;todas_actv;35-44;ambos_sex;isapre;;;;;#N/D;0;0;0;24386;19231;0;
LM autorizadas Diagnostico, Seguro de Salud, Edad;Otros diagnósticos;todas_regiones;todas_actv;35-44;ambos_sex;isapre;;;;;55440;60331;64596;69441;45618;54803;50458;
LM autorizadas Diagnostico, Seguro de Salud, Edad;Sin información;todas_regiones;todas_actv;35-44;ambos_sex;isapre;;;;;#N/D;31;21;184;82;11;139;
LM autorizadas Diagnostico, Seguro de Salud, Edad;Trastornos mentales;todas_regiones;todas_actv;45-54;ambos_sex;isapre;;;;;38966;41330;46128;50664;55970;91152;69456;
LM autorizadas Diagnostico, Seguro de Salud, Edad;Enf. osteomusculares;todas_regiones;todas_actv;45-54;ambos_sex;isapre;;;;;53818;58691;63446;65904;51564;59809;53464;
LM autorizadas Diagnostico, Seguro de Salud, Edad;Enf. respiratorias;todas_regiones;todas_actv;45-54;ambos_sex;isapre;;;;;64517;71653;66856;75257;22130;15897;43440;
LM autorizadas Diagnostico, Seguro de Salud, Edad;Traumatismos, envenenamientos y otros;todas_regiones;todas_actv;45-54;ambos_sex;isapre;;;;;23863;26027;28425;29647;23648;22981;24339;
LM autorizadas Diagnostico, Seguro de Salud, Edad;Enf. infecciosas;todas_regiones;todas_actv;45-54;ambos_sex;isapre;;;;;18861;22231;24153;22054;10875;7466;11312;
LM autorizadas Diagnostico, Seguro de Salud, Edad;Enf. del Sistema Digestivo;todas_regiones;todas_actv;45-54;ambos_sex;isapre;;;;;22930;24437;25905;30014;16976;16259;19017;
LM autorizadas Diagnostico, Seguro de Salud, Edad;Afecciones del embarazo, Parto y Puerperio;todas_regiones;todas_actv;45-54;ambos_sex;isapre;;;;;409;495;560;533;294;280;345;
LM autorizadas Diagnostico, Seguro de Salud, Edad;Enfermedades del Sist. Genito urinario;todas_regiones;todas_actv;45-54;ambos_sex;isapre;;;;;11755;12931;13555;13407;8913;8229;9340;
LM autorizadas Diagnostico, Seguro de Salud, Edad;Tumores y Cánceres;todas_regiones;todas_actv;45-54;ambos_sex;isapre;;;;;13336;13958;15123;16209;13124;11019;11100;
LM autorizadas Diagnostico, Seguro de Salud, Edad;Enf. cardiovasculares;todas_regiones;todas_actv;45-54;ambos_sex;isapre;;;;;8577;8926;10007;9947;7958;7517;6641;
LM autorizadas Diagnostico, Seguro de Salud, Edad;COVID-19;todas_regiones;todas_actv;45-54;ambos_sex;isapre;;;;;#N/D;0;0;0;50073;51054;83492;
;Licencia médica preventiva parental;todas_regiones;todas_actv;45-54;ambos_sex;isapre;;;;;#N/D;0;0;0;475;312;0;
LM autorizadas Diagnostico, Seguro de Salud, Edad;Otros diagnósticos;todas_regiones;todas_actv;45-54;ambos_sex;isapre;;;;;37859;41173;43655;46081;31609;36176;33756;
LM autorizadas Diagnostico, Seguro de Salud, Edad;Sin información;todas_regiones;todas_actv;45-54;ambos_sex;isapre;;;;;#N/D;18;15;82;39;7;80;
LM autorizadas Diagnostico, Seguro de Salud, Edad;Trastornos mentales;todas_regiones;todas_actv;55-64;ambos_sex;isapre;;;;;24020;24775;28743;31859;33500;54372;40674;
LM autorizadas Diagnostico, Seguro de Salud, Edad;Enf. osteomusculares;todas_regiones;todas_actv;55-64;ambos_sex;isapre;;;;;35806;39965;45110;48685;35565;42950;41572;
LM autorizadas Diagnostico, Seguro de Salud, Edad;Enf. respiratorias;todas_regiones;todas_actv;55-64;ambos_sex;isapre;;;;;42699;49521;46316;49887;14088;9954;27727;
LM autorizadas Diagnostico, Seguro de Salud, Edad;Traumatismos, envenenamientos y otros;todas_regiones;todas_actv;55-64;ambos_sex;isapre;;;;;14503;16824;18595;20108;15429;15626;16192;
LM autorizadas Diagnostico, Seguro de Salud, Edad;Enf. infecciosas;todas_regiones;todas_actv;55-64;ambos_sex;isapre;;;;;10034;12072;13320;12008;5707;4278;6123;
LM autorizadas Diagnostico, Seguro de Salud, Edad;Enf. del Sistema Digestivo;todas_regiones;todas_actv;55-64;ambos_sex;isapre;;;;;14638;16497;17978;19666;10058;10041;12641;
LM autorizadas Diagnostico, Seguro de Salud, Edad;Afecciones del embarazo, Parto y Puerperio;todas_regiones;todas_actv;55-64;ambos_sex;isapre;;;;;29;22;35;29;16;18;16;
LM autorizadas Diagnostico, Seguro de Salud, Edad;Enfermedades del Sist. Genito urinario;todas_regiones;todas_actv;55-64;ambos_sex;isapre;;;;;7237;8033;8642;8664;5163;5174;5954;
LM autorizadas Diagnostico, Seguro de Salud, Edad;Tumores y Cánceres;todas_regiones;todas_actv;55-64;ambos_sex;isapre;;;;;13111;13916;15155;15937;14019;10981;11139;
LM autorizadas Diagnostico, Seguro de Salud, Edad;Enf. cardiovasculares;todas_regiones;todas_actv;55-64;ambos_sex;isapre;;;;;8502;9425;9721;9921;8364;7799;7727;
LM autorizadas Diagnostico, Seguro de Salud, Edad;COVID-19;todas_regiones;todas_actv;55-64;ambos_sex;isapre;;;;;#N/D;0;0;0;28030;26866;48817;
;Licencia médica preventiva parental;todas_regiones;todas_actv;55-64;ambos_sex;isapre;;;;;#N/D;0;0;0;0;1;0;
LM autorizadas Diagnostico, Seguro de Salud, Edad;Otros diagnósticos;todas_regiones;todas_actv;55-64;ambos_sex;isapre;;;;;26659;28976;31212;32722;22466;25120;24508;
LM autorizadas Diagnostico, Seguro de Salud, Edad;Sin información;todas_regiones;todas_actv;55-64;ambos_sex;isapre;;;;;#N/D;1;2;34;27;3;63;
LM autorizadas Diagnostico, Seguro de Salud, Edad;Trastornos mentales;todas_regiones;todas_actv;65 y más;ambos_sex;isapre;;;;;2889;3718;4478;5499;6632;10503;8059;
LM autorizadas Diagnostico, Seguro de Salud, Edad;Enf. osteomusculares;todas_regiones;todas_actv;65 y más;ambos_sex;isapre;;;;;5809;7733;8264;9623;6290;7383;8604;
LM autorizadas Diagnostico, Seguro de Salud, Edad;Enf. respiratorias;todas_regiones;todas_actv;65 y más;ambos_sex;isapre;;;;;7608;9492;9430;10251;2940;1985;6134;
LM autorizadas Diagnostico, Seguro de Salud, Edad;Traumatismos, envenenamientos y otros;todas_regiones;todas_actv;65 y más;ambos_sex;isapre;;;;;2582;3105;3529;4123;3170;2900;3372;
LM autorizadas Diagnostico, Seguro de Salud, Edad;Enf. infecciosas;todas_regiones;todas_actv;65 y más;ambos_sex;isapre;;;;;1312;1842;1995;1915;860;658;1155;
LM autorizadas Diagnostico, Seguro de Salud, Edad;Enf. del Sistema Digestivo;todas_regiones;todas_actv;65 y más;ambos_sex;isapre;;;;;2584;3171;3372;3651;1832;1838;2768;
LM autorizadas Diagnostico, Seguro de Salud, Edad;Afecciones del embarazo, Parto y Puerperio;todas_regiones;todas_actv;65 y más;ambos_sex;isapre;;;;;6;4;5;4;2;5;2;
LM autorizadas Diagnostico, Seguro de Salud, Edad;Enfermedades del Sist. Genito urinario;todas_regiones;todas_actv;65 y más;ambos_sex;isapre;;;;;1636;1866;2063;2151;1346;1300;1557;
LM autorizadas Diagnostico, Seguro de Salud, Edad;Tumores y Cánceres;todas_regiones;todas_actv;65 y más;ambos_sex;isapre;;;;;4193;4736;5383;6066;5426;4586;4522;
LM autorizadas Diagnostico, Seguro de Salud, Edad;Enf. cardiovasculares;todas_regiones;todas_actv;65 y más;ambos_sex;isapre;;;;;2544;3173;3207;3486;2862;2795;2652;
LM autorizadas Diagnostico, Seguro de Salud, Edad;COVID-19;todas_regiones;todas_actv;65 y más;ambos_sex;isapre;;;;;#N/D;0;0;0;3804;3903;8764;
;Licencia médica preventiva parental;todas_regiones;todas_actv;65 y más;ambos_sex;isapre;;;;;#N/D;0;0;0;0;0;0;
LM autorizadas Diagnostico, Seguro de Salud, Edad;Otros diagnósticos;todas_regiones;todas_actv;65 y más;ambos_sex;isapre;;;;;4958;6196;7097;7781;4825;5312;5736;
LM autorizadas Diagnostico, Seguro de Salud, Edad;Sin información;todas_regiones;todas_actv;65 y más;ambos_sex;isapre;;;;;#N/D;0;0;9;2;2;19;
LM autorizadas Diagnostico, Seguro de Salud, Edad;Trastornos mentales;todas_regiones;todas_actv;Sin información;ambos_sex;isapre;;;;;#N/D;1;5;0;0;1;0;
LM autorizadas Diagnostico, Seguro de Salud, Edad;Enf. osteomusculares;todas_regiones;todas_actv;Sin información;ambos_sex;isapre;;;;;#N/D;1;2;0;2;0;0;
LM autorizadas Diagnostico, Seguro de Salud, Edad;Enf. respiratorias;todas_regiones;todas_actv;Sin información;ambos_sex;isapre;;;;;#N/D;3;0;6;0;0;0;
LM autorizadas Diagnostico, Seguro de Salud, Edad;Traumatismos, envenenamientos y otros;todas_regiones;todas_actv;Sin información;ambos_sex;isapre;;;;;#N/D;0;0;0;0;1;0;
LM autorizadas Diagnostico, Seguro de Salud, Edad;Enf. infecciosas;todas_regiones;todas_actv;Sin información;ambos_sex;isapre;;;;;#N/D;1;3;0;2;1;1;
LM autorizadas Diagnostico, Seguro de Salud, Edad;Enf. del Sistema Digestivo;todas_regiones;todas_actv;Sin información;ambos_sex;isapre;;;;;#N/D;1;3;0;3;1;1;
LM autorizadas Diagnostico, Seguro de Salud, Edad;Afecciones del embarazo, Parto y Puerperio;todas_regiones;todas_actv;Sin información;ambos_sex;isapre;;;;;#N/D;0;0;0;2;0;0;
LM autorizadas Diagnostico, Seguro de Salud, Edad;Enfermedades del Sist. Genito urinario;todas_regiones;todas_actv;Sin información;ambos_sex;isapre;;;;;#N/D;0;2;1;0;0;0;
LM autorizadas Diagnostico, Seguro de Salud, Edad;Tumores y Cánceres;todas_regiones;todas_actv;Sin información;ambos_sex;isapre;;;;;#N/D;0;0;0;0;0;0;
LM autorizadas Diagnostico, Seguro de Salud, Edad;Enf. cardiovasculares;todas_regiones;todas_actv;Sin información;ambos_sex;isapre;;;;;#N/D;0;0;0;0;0;0;
LM autorizadas Diagnostico, Seguro de Salud, Edad;COVID-19;todas_regiones;todas_actv;Sin información;ambos_sex;isapre;;;;;#N/D;0;0;0;0;0;0;
;Licencia médica preventiva parental;todas_regiones;todas_actv;Sin información;ambos_sex;isapre;;;;;#N/D;0;0;0;0;0;0;
LM autorizadas Diagnostico, Seguro de Salud, Edad;Otros diagnósticos;todas_regiones;todas_actv;Sin información;ambos_sex;isapre;;;;;#N/D;0;5;0;0;0;0;
LM autorizadas Diagnostico, Seguro de Salud, Edad;Sin información;todas_regiones;todas_actv;Sin información;ambos_sex;isapre;;;;;#N/D;0;0;0;0;0;0;
LM autorizadas Diagnostico, Seguro de Salud, Region;Trastornos mentales;Arica y Parinacota (XV);todas_actv;todas_edad;ambos_sex;fonasa;;;;;3617;3074;2814;2672;1154;4356;5034;
LM autorizadas Diagnostico, Seguro de Salud, Region;Enf. osteomusculares;Arica y Parinacota (XV);todas_actv;todas_edad;ambos_sex;fonasa;;;;;5458;5379;5415;4499;2741;5661;6254;
LM autorizadas Diagnostico, Seguro de Salud, Region;Enf. respiratorias;Arica y Parinacota (XV);todas_actv;todas_edad;ambos_sex;fonasa;;;;;5929;5901;5848;5128;1477;2323;6230;
LM autorizadas Diagnostico, Seguro de Salud, Region;Traumatismos, envenenamientos y otros;Arica y Parinacota (XV);todas_actv;todas_edad;ambos_sex;fonasa;;;;;2530;2714;2500;2322;1617;2647;3041;
LM autorizadas Diagnostico, Seguro de Salud, Region;Enf. infecciosas;Arica y Parinacota (XV);todas_actv;todas_edad;ambos_sex;fonasa;;;;;4210;2247;2127;2334;1165;1466;2049;
LM autorizadas Diagnostico, Seguro de Salud, Region;Enf. del Sistema Digestivo;Arica y Parinacota (XV);todas_actv;todas_edad;ambos_sex;fonasa;;;;;3167;3382;3403;2823;1364;2194;2877;
LM autorizadas Diagnostico, Seguro de Salud, Region;Afecciones del embarazo, Parto y Puerperio;Arica y Parinacota (XV);todas_actv;todas_edad;ambos_sex;fonasa;;;;;2281;1820;1766;1543;904;1032;1443;
LM autorizadas Diagnostico, Seguro de Salud, Region;Enfermedades del Sist. Genito urinario;Arica y Parinacota (XV);todas_actv;todas_edad;ambos_sex;fonasa;;;;;1714;1568;1641;1505;683;1207;1382;
LM autorizadas Diagnostico, Seguro de Salud, Region;Tumores y Cánceres;Arica y Parinacota (XV);todas_actv;todas_edad;ambos_sex;fonasa;;;;;855;915;988;1155;816;1076;1009;
LM autorizadas Diagnostico, Seguro de Salud, Region;Enf. cardiovasculares;Arica y Parinacota (XV);todas_actv;todas_edad;ambos_sex;fonasa;;;;;919;1059;1076;857;541;718;704;
LM autorizadas Diagnostico, Seguro de Salud, Region;COVID-19;Arica y Parinacota (XV);todas_actv;todas_edad;ambos_sex;fonasa;;;;;#N/D;#N/D;0;0;7190;12038;13085;
;Licencia médica preventiva parental;Arica y Parinacota (XV);todas_actv;todas_edad;ambos_sex;fonasa;;;;;#N/D;#N/D;0;0;203;168;0;
LM autorizadas Diagnostico, Seguro de Salud, Region;Otros diagnósticos;Arica y Parinacota (XV);todas_actv;todas_edad;ambos_sex;fonasa;;;;;1442;3422;3656;3424;1878;3310;3702;
LM autorizadas Diagnostico, Seguro de Salud, Region;Sin información;Arica y Parinacota (XV);todas_actv;todas_edad;ambos_sex;fonasa;;;;;#N/D;0;0;0;0;0;0;
LM autorizadas Diagnostico, Seguro de Salud, Region;Trastornos mentales;Tarapacá (I);todas_actv;todas_edad;ambos_sex;fonasa;;;;;12455;12802;14669;17655;16953;31333;40992;
LM autorizadas Diagnostico, Seguro de Salud, Region;Enf. osteomusculares;Tarapacá (I);todas_actv;todas_edad;ambos_sex;fonasa;;;;;11284;12793;14876;16089;10397;17257;19689;
LM autorizadas Diagnostico, Seguro de Salud, Region;Enf. respiratorias;Tarapacá (I);todas_actv;todas_edad;ambos_sex;fonasa;;;;;6315;7155;7898;9532;3683;4092;8958;
LM autorizadas Diagnostico, Seguro de Salud, Region;Traumatismos, envenenamientos y otros;Tarapacá (I);todas_actv;todas_edad;ambos_sex;fonasa;;;;;3864;4013;4576;5662;4082;6455;7279;
LM autorizadas Diagnostico, Seguro de Salud, Region;Enf. infecciosas;Tarapacá (I);todas_actv;todas_edad;ambos_sex;fonasa;;;;;3429;4160;4600;7434;3171;2906;3416;
LM autorizadas Diagnostico, Seguro de Salud, Region;Enf. del Sistema Digestivo;Tarapacá (I);todas_actv;todas_edad;ambos_sex;fonasa;;;;;2422;2568;3154;3896;2367;4137;4688;
LM autorizadas Diagnostico, Seguro de Salud, Region;Afecciones del embarazo, Parto y Puerperio;Tarapacá (I);todas_actv;todas_edad;ambos_sex;fonasa;;;;;1870;1504;1806;2022;1146;938;1191;
LM autorizadas Diagnostico, Seguro de Salud, Region;Enfermedades del Sist. Genito urinario;Tarapacá (I);todas_actv;todas_edad;ambos_sex;fonasa;;;;;2381;2407;2653;2975;1735;2127;2452;
LM autorizadas Diagnostico, Seguro de Salud, Region;Tumores y Cánceres;Tarapacá (I);todas_actv;todas_edad;ambos_sex;fonasa;;;;;1413;1570;1914;1973;1314;1541;1485;
LM autorizadas Diagnostico, Seguro de Salud, Region;Enf. cardiovasculares;Tarapacá (I);todas_actv;todas_edad;ambos_sex;fonasa;;;;;1455;1579;1672;1738;1259;1752;1913;
LM autorizadas Diagnostico, Seguro de Salud, Region;COVID-19;Tarapacá (I);todas_actv;todas_edad;ambos_sex;fonasa;;;;;#N/D;#N/D;0;0;13440;28585;25945;
;Licencia médica preventiva parental;Tarapacá (I);todas_actv;todas_edad;ambos_sex;fonasa;;;;;#N/D;#N/D;0;0;328;237;0;
LM autorizadas Diagnostico, Seguro de Salud, Region;Otros diagnósticos;Tarapacá (I);todas_actv;todas_edad;ambos_sex;fonasa;;;;;4963;5547;6768;8303;5364;8354;9320;
LM autorizadas Diagnostico, Seguro de Salud, Region;Sin información;Tarapacá (I);todas_actv;todas_edad;ambos_sex;fonasa;;;;;#N/D;0;0;6;0;2;0;
LM autorizadas Diagnostico, Seguro de Salud, Region;Trastornos mentales;Antofagasta (II);todas_actv;todas_edad;ambos_sex;fonasa;;;;;16601;16897;18437;24616;32224;55027;67940;
LM autorizadas Diagnostico, Seguro de Salud, Region;Enf. osteomusculares;Antofagasta (II);todas_actv;todas_edad;ambos_sex;fonasa;;;;;22552;23913;23905;27743;24212;42133;43913;
LM autorizadas Diagnostico, Seguro de Salud, Region;Enf. respiratorias;Antofagasta (II);todas_actv;todas_edad;ambos_sex;fonasa;;;;;12494;12052;11847;13521;8692;11249;22186;
LM autorizadas Diagnostico, Seguro de Salud, Region;Traumatismos, envenenamientos y otros;Antofagasta (II);todas_actv;todas_edad;ambos_sex;fonasa;;;;;8050;9031;8535;10315;8853;13195;14656;
LM autorizadas Diagnostico, Seguro de Salud, Region;Enf. infecciosas;Antofagasta (II);todas_actv;todas_edad;ambos_sex;fonasa;;;;;4362;4222;4885;6273;4038;4793;6566;
LM autorizadas Diagnostico, Seguro de Salud, Region;Enf. del Sistema Digestivo;Antofagasta (II);todas_actv;todas_edad;ambos_sex;fonasa;;;;;4641;4530;4396;5980;4248;7398;7828;
LM autorizadas Diagnostico, Seguro de Salud, Region;Afecciones del embarazo, Parto y Puerperio;Antofagasta (II);todas_actv;todas_edad;ambos_sex;fonasa;;;;;5616;4897;4303;3649;2935;3299;3581;
LM autorizadas Diagnostico, Seguro de Salud, Region;Enfermedades del Sist. Genito urinario;Antofagasta (II);todas_actv;todas_edad;ambos_sex;fonasa;;;;;3663;3538;3787;4744;3155;4850;5133;
LM autorizadas Diagnostico, Seguro de Salud, Region;Tumores y Cánceres;Antofagasta (II);todas_actv;todas_edad;ambos_sex;fonasa;;;;;2638;2549;2911;3772;3646;4402;4209;
LM autorizadas Diagnostico, Seguro de Salud, Region;Enf. cardiovasculares;Antofagasta (II);todas_actv;todas_edad;ambos_sex;fonasa;;;;;2694;2644;2703;3480;3304;4193;4358;
LM autorizadas Diagnostico, Seguro de Salud, Region;COVID-19;Antofagasta (II);todas_actv;todas_edad;ambos_sex;fonasa;;;;;#N/D;#N/D;0;0;18842;38817;35197;
;Licencia médica preventiva parental;Antofagasta (II);todas_actv;todas_edad;ambos_sex;fonasa;;;;;#N/D;#N/D;0;0;415;339;0;
LM autorizadas Diagnostico, Seguro de Salud, Region;Otros diagnósticos;Antofagasta (II);todas_actv;todas_edad;ambos_sex;fonasa;;;;;11974;12129;13100;14195;11683;17744;18669;
LM autorizadas Diagnostico, Seguro de Salud, Region;Sin información;Antofagasta (II);todas_actv;todas_edad;ambos_sex;fonasa;;;;;#N/D;0;5;1;0;11;0;
LM autorizadas Diagnostico, Seguro de Salud, Region;Trastornos mentales;Atacama (III);todas_actv;todas_edad;ambos_sex;fonasa;;;;;10114;9784;9892;11673;9548;20654;30391;
LM autorizadas Diagnostico, Seguro de Salud, Region;Enf. osteomusculares;Atacama (III);todas_actv;todas_edad;ambos_sex;fonasa;;;;;12185;11762;11986;15027;10528;17946;20628;
LM autorizadas Diagnostico, Seguro de Salud, Region;Enf. respiratorias;Atacama (III);todas_actv;todas_edad;ambos_sex;fonasa;;;;;7840;7352;6865;9074;3809;4284;9569;
LM autorizadas Diagnostico, Seguro de Salud, Region;Traumatismos, envenenamientos y otros;Atacama (III);todas_actv;todas_edad;ambos_sex;fonasa;;;;;4442;4243;4441;5696;4424;6226;7322;
LM autorizadas Diagnostico, Seguro de Salud, Region;Enf. infecciosas;Atacama (III);todas_actv;todas_edad;ambos_sex;fonasa;;;;;6328;3042;2810;3200;1463;1612;2512;
LM autorizadas Diagnostico, Seguro de Salud, Region;Enf. del Sistema Digestivo;Atacama (III);todas_actv;todas_edad;ambos_sex;fonasa;;;;;2838;3111;3030;3800;2388;3609;4695;
LM autorizadas Diagnostico, Seguro de Salud, Region;Afecciones del embarazo, Parto y Puerperio;Atacama (III);todas_actv;todas_edad;ambos_sex;fonasa;;;;;2902;2283;1595;1828;1135;1165;1575;
LM autorizadas Diagnostico, Seguro de Salud, Region;Enfermedades del Sist. Genito urinario;Atacama (III);todas_actv;todas_edad;ambos_sex;fonasa;;;;;2569;2554;2222;2604;1545;2150;2649;
LM autorizadas Diagnostico, Seguro de Salud, Region;Tumores y Cánceres;Atacama (III);todas_actv;todas_edad;ambos_sex;fonasa;;;;;1648;1531;1544;1942;1515;1786;2159;
LM autorizadas Diagnostico, Seguro de Salud, Region;Enf. cardiovasculares;Atacama (III);todas_actv;todas_edad;ambos_sex;fonasa;;;;;2160;1949;1900;2208;1723;2171;2404;
LM autorizadas Diagnostico, Seguro de Salud, Region;COVID-19;Atacama (III);todas_actv;todas_edad;ambos_sex;fonasa;;;;;#N/D;#N/D;0;0;8988;18172;23141;
;Licencia médica preventiva parental;Atacama (III);todas_actv;todas_edad;ambos_sex;fonasa;;;;;#N/D;#N/D;0;0;227;180;0;
LM autorizadas Diagnostico, Seguro de Salud, Region;Otros diagnósticos;Atacama (III);todas_actv;todas_edad;ambos_sex;fonasa;;;;;2538;6018;6526;8267;5788;8841;10790;
LM autorizadas Diagnostico, Seguro de Salud, Region;Sin información;Atacama (III);todas_actv;todas_edad;ambos_sex;fonasa;;;;;#N/D;1;1;0;0;1;0;
LM autorizadas Diagnostico, Seguro de Salud, Region;Trastornos mentales;Coquimbo (IV);todas_actv;todas_edad;ambos_sex;fonasa;;;;;22282;20935;24882;26748;24623;49673;63178;
LM autorizadas Diagnostico, Seguro de Salud, Region;Enf. osteomusculares;Coquimbo (IV);todas_actv;todas_edad;ambos_sex;fonasa;;;;;17504;18296;21870;24130;18063;31654;37070;
LM autorizadas Diagnostico, Seguro de Salud, Region;Enf. respiratorias;Coquimbo (IV);todas_actv;todas_edad;ambos_sex;fonasa;;;;;12425;12593;14630;17539;6266;6603;19866;
LM autorizadas Diagnostico, Seguro de Salud, Region;Traumatismos, envenenamientos y otros;Coquimbo (IV);todas_actv;todas_edad;ambos_sex;fonasa;;;;;6385;6380;7621;9204;7275;11554;12884;
LM autorizadas Diagnostico, Seguro de Salud, Region;Enf. infecciosas;Coquimbo (IV);todas_actv;todas_edad;ambos_sex;fonasa;;;;;4107;4033;5116;6221;3416;3834;6579;
LM autorizadas Diagnostico, Seguro de Salud, Region;Enf. del Sistema Digestivo;Coquimbo (IV);todas_actv;todas_edad;ambos_sex;fonasa;;;;;5223;5843;6181;7251;4229;6802;9204;
LM autorizadas Diagnostico, Seguro de Salud, Region;Afecciones del embarazo, Parto y Puerperio;Coquimbo (IV);todas_actv;todas_edad;ambos_sex;fonasa;;;;;5423;3939;4091;3555;2390;2677;3371;
LM autorizadas Diagnostico, Seguro de Salud, Region;Enfermedades del Sist. Genito urinario;Coquimbo (IV);todas_actv;todas_edad;ambos_sex;fonasa;;;;;3289;3175;3729;4180;2708;3857;4992;
LM autorizadas Diagnostico, Seguro de Salud, Region;Tumores y Cánceres;Coquimbo (IV);todas_actv;todas_edad;ambos_sex;fonasa;;;;;3046;2898;3201;2378;2224;3168;3713;
LM autorizadas Diagnostico, Seguro de Salud, Region;Enf. cardiovasculares;Coquimbo (IV);todas_actv;todas_edad;ambos_sex;fonasa;;;;;2384;2433;2877;2626;2543;3706;3717;
LM autorizadas Diagnostico, Seguro de Salud, Region;COVID-19;Coquimbo (IV);todas_actv;todas_edad;ambos_sex;fonasa;;;;;#N/D;#N/D;0;0;17700;40673;50428;
;Licencia médica preventiva parental;Coquimbo (IV);todas_actv;todas_edad;ambos_sex;fonasa;;;;;#N/D;#N/D;0;0;636;517;0;
LM autorizadas Diagnostico, Seguro de Salud, Region;Otros diagnósticos;Coquimbo (IV);todas_actv;todas_edad;ambos_sex;fonasa;;;;;9231;10922;13639;14430;9175;14482;17500;
LM autorizadas Diagnostico, Seguro de Salud, Region;Sin información;Coquimbo (IV);todas_actv;todas_edad;ambos_sex;fonasa;;;;;#N/D;1;1;1;0;2;0;
LM autorizadas Diagnostico, Seguro de Salud, Region;Trastornos mentales;Valparaíso (V);todas_actv;todas_edad;ambos_sex;fonasa;;;;;55508;54759;52661;75882;90292;170621;198137;
LM autorizadas Diagnostico, Seguro de Salud, Region;Enf. osteomusculares;Valparaíso (V);todas_actv;todas_edad;ambos_sex;fonasa;;;;;53391;55220;54172;76777;63290;105991;110390;
LM autorizadas Diagnostico, Seguro de Salud, Region;Enf. respiratorias;Valparaíso (V);todas_actv;todas_edad;ambos_sex;fonasa;;;;;35258;32503;30326;51691;23171;23733;59974;
LM autorizadas Diagnostico, Seguro de Salud, Region;Traumatismos, envenenamientos y otros;Valparaíso (V);todas_actv;todas_edad;ambos_sex;fonasa;;;;;14656;15631;16336;28120;23769;35722;39554;
LM autorizadas Diagnostico, Seguro de Salud, Region;Enf. infecciosas;Valparaíso (V);todas_actv;todas_edad;ambos_sex;fonasa;;;;;11204;13680;14560;20582;11072;12189;20428;
LM autorizadas Diagnostico, Seguro de Salud, Region;Enf. del Sistema Digestivo;Valparaíso (V);todas_actv;todas_edad;ambos_sex;fonasa;;;;;8496;9002;9155;16300;11990;17922;22197;
LM autorizadas Diagnostico, Seguro de Salud, Region;Afecciones del embarazo, Parto y Puerperio;Valparaíso (V);todas_actv;todas_edad;ambos_sex;fonasa;;;;;11035;9536;9151;10996;7302;8281;10492;
LM autorizadas Diagnostico, Seguro de Salud, Region;Enfermedades del Sist. Genito urinario;Valparaíso (V);todas_actv;todas_edad;ambos_sex;fonasa;;;;;8203;7904;8323;12111;8526;11929;13860;
LM autorizadas Diagnostico, Seguro de Salud, Region;Tumores y Cánceres;Valparaíso (V);todas_actv;todas_edad;ambos_sex;fonasa;;;;;5917;5643;5913;9186;8115;9532;10516;
LM autorizadas Diagnostico, Seguro de Salud, Region;Enf. cardiovasculares;Valparaíso (V);todas_actv;todas_edad;ambos_sex;fonasa;;;;;6986;6932;6885;9715;9490;12411;11890;
LM autorizadas Diagnostico, Seguro de Salud, Region;COVID-19;Valparaíso (V);todas_actv;todas_edad;ambos_sex;fonasa;;;;;#N/D;#N/D;0;0;48574;116795;120710;
;Licencia médica preventiva parental;Valparaíso (V);todas_actv;todas_edad;ambos_sex;fonasa;;;;;#N/D;#N/D;0;0;1438;1008;0;
LM autorizadas Diagnostico, Seguro de Salud, Region;Otros diagnósticos;Valparaíso (V);todas_actv;todas_edad;ambos_sex;fonasa;;;;;26458;26954;28393;41381;32878;47227;52832;
LM autorizadas Diagnostico, Seguro de Salud, Region;Sin información;Valparaíso (V);todas_actv;todas_edad;ambos_sex;fonasa;;;;;#N/D;0;0;7;0;1;0;
LM autorizadas Diagnostico, Seguro de Salud, Region;Trastornos mentales;Metropolitana (RM);todas_actv;todas_edad;ambos_sex;fonasa;;;;;416820;484589;532903;574724;648550;1094960;1032654;
LM autorizadas Diagnostico, Seguro de Salud, Region;Enf. osteomusculares;Metropolitana (RM);todas_actv;todas_edad;ambos_sex;fonasa;;;;;413770;461047;497411;494435;408538;605788;536415;
LM autorizadas Diagnostico, Seguro de Salud, Region;Enf. respiratorias;Metropolitana (RM);todas_actv;todas_edad;ambos_sex;fonasa;;;;;262054;302472;304522;309288;186686;140822;272630;
LM autorizadas Diagnostico, Seguro de Salud, Region;Traumatismos, envenenamientos y otros;Metropolitana (RM);todas_actv;todas_edad;ambos_sex;fonasa;;;;;140023;153068;163571;166566;134349;178849;183113;
LM autorizadas Diagnostico, Seguro de Salud, Region;Enf. infecciosas;Metropolitana (RM);todas_actv;todas_edad;ambos_sex;fonasa;;;;;105448;133846;160207;147859;104569;89334;113258;
LM autorizadas Diagnostico, Seguro de Salud, Region;Enf. del Sistema Digestivo;Metropolitana (RM);todas_actv;todas_edad;ambos_sex;fonasa;;;;;76942;90280;101040;105251;76211;99972;111172;
LM autorizadas Diagnostico, Seguro de Salud, Region;Afecciones del embarazo, Parto y Puerperio;Metropolitana (RM);todas_actv;todas_edad;ambos_sex;fonasa;;;;;51984;53193;54731;51280;41391;37915;39374;
LM autorizadas Diagnostico, Seguro de Salud, Region;Enfermedades del Sist. Genito urinario;Metropolitana (RM);todas_actv;todas_edad;ambos_sex;fonasa;;;;;59773;68423;71060;65296;48733;58467;61375;
LM autorizadas Diagnostico, Seguro de Salud, Region;Tumores y Cánceres;Metropolitana (RM);todas_actv;todas_edad;ambos_sex;fonasa;;;;;42348;46280;51074;48701;43169;47219;48739;
LM autorizadas Diagnostico, Seguro de Salud, Region;Enf. cardiovasculares;Metropolitana (RM);todas_actv;todas_edad;ambos_sex;fonasa;;;;;49323;53452;55340;54698;52107;62180;56668;
LM autorizadas Diagnostico, Seguro de Salud, Region;COVID-19;Metropolitana (RM);todas_actv;todas_edad;ambos_sex;fonasa;;;;;#N/D;#N/D;0;0;386436;635849;521284;
;Licencia médica preventiva parental;Metropolitana (RM);todas_actv;todas_edad;ambos_sex;fonasa;;;;;#N/D;#N/D;0;0;86216;121947;0;
LM autorizadas Diagnostico, Seguro de Salud, Region;Otros diagnósticos;Metropolitana (RM);todas_actv;todas_edad;ambos_sex;fonasa;;;;;216738;232572;264831;257920;212482;267297;259845;
LM autorizadas Diagnostico, Seguro de Salud, Region;Sin información;Metropolitana (RM);todas_actv;todas_edad;ambos_sex;fonasa;;;;;#N/D;2;2;9;1;129;0;
LM autorizadas Diagnostico, Seguro de Salud, Region;Trastornos mentales;O'Higgins (VI);todas_actv;todas_edad;ambos_sex;fonasa;;;;;45814;37837;40778;43072;45582;80131;81285;
LM autorizadas Diagnostico, Seguro de Salud, Region;Enf. osteomusculares;O'Higgins (VI);todas_actv;todas_edad;ambos_sex;fonasa;;;;;42236;38386;44438;50843;43809;70415;68784;
LM autorizadas Diagnostico, Seguro de Salud, Region;Enf. respiratorias;O'Higgins (VI);todas_actv;todas_edad;ambos_sex;fonasa;;;;;14970;14353;13540;17203;9497;10293;22552;
LM autorizadas Diagnostico, Seguro de Salud, Region;Traumatismos, envenenamientos y otros;O'Higgins (VI);todas_actv;todas_edad;ambos_sex;fonasa;;;;;13045;11170;13884;17563;15281;21649;23086;
LM autorizadas Diagnostico, Seguro de Salud, Region;Enf. infecciosas;O'Higgins (VI);todas_actv;todas_edad;ambos_sex;fonasa;;;;;5961;5513;6950;7929;5842;6107;8884;
LM autorizadas Diagnostico, Seguro de Salud, Region;Enf. del Sistema Digestivo;O'Higgins (VI);todas_actv;todas_edad;ambos_sex;fonasa;;;;;5991;6166;7124;8266;6104;9447;10964;
LM autorizadas Diagnostico, Seguro de Salud, Region;Afecciones del embarazo, Parto y Puerperio;O'Higgins (VI);todas_actv;todas_edad;ambos_sex;fonasa;;;;;12426;12289;12153;10767;9262;9598;10864;
LM autorizadas Diagnostico, Seguro de Salud, Region;Enfermedades del Sist. Genito urinario;O'Higgins (VI);todas_actv;todas_edad;ambos_sex;fonasa;;;;;5762;5403;6047;5650;4664;5974;6537;
LM autorizadas Diagnostico, Seguro de Salud, Region;Tumores y Cánceres;O'Higgins (VI);todas_actv;todas_edad;ambos_sex;fonasa;;;;;4806;4739;5706;5875;4414;5255;5281;
LM autorizadas Diagnostico, Seguro de Salud, Region;Enf. cardiovasculares;O'Higgins (VI);todas_actv;todas_edad;ambos_sex;fonasa;;;;;5737;5438;5614;5665;5677;6894;6623;
LM autorizadas Diagnostico, Seguro de Salud, Region;COVID-19;O'Higgins (VI);todas_actv;todas_edad;ambos_sex;fonasa;;;;;#N/D;#N/D;0;0;32478;65627;57011;
;Licencia médica preventiva parental;O'Higgins (VI);todas_actv;todas_edad;ambos_sex;fonasa;;;;;#N/D;#N/D;0;0;901;566;0;
LM autorizadas Diagnostico, Seguro de Salud, Region;Otros diagnósticos;O'Higgins (VI);todas_actv;todas_edad;ambos_sex;fonasa;;;;;16059;14746;18123;19710;17299;24483;26142;
LM autorizadas Diagnostico, Seguro de Salud, Region;Sin información;O'Higgins (VI);todas_actv;todas_edad;ambos_sex;fonasa;;;;;#N/D;0;0;2;0;1;0;
LM autorizadas Diagnostico, Seguro de Salud, Region;Trastornos mentales;Maule (VII);todas_actv;todas_edad;ambos_sex;fonasa;;;;;32383;36467;41381;50529;54447;97803;100962;
LM autorizadas Diagnostico, Seguro de Salud, Region;Enf. osteomusculares;Maule (VII);todas_actv;todas_edad;ambos_sex;fonasa;;;;;30571;33907;39502;46705;39903;67077;72210;
LM autorizadas Diagnostico, Seguro de Salud, Region;Enf. respiratorias;Maule (VII);todas_actv;todas_edad;ambos_sex;fonasa;;;;;17040;17711;19533;23032;9110;11417;27770;
LM autorizadas Diagnostico, Seguro de Salud, Region;Traumatismos, envenenamientos y otros;Maule (VII);todas_actv;todas_edad;ambos_sex;fonasa;;;;;10448;10659;12627;16746;15021;21626;23400;
LM autorizadas Diagnostico, Seguro de Salud, Region;Enf. infecciosas;Maule (VII);todas_actv;todas_edad;ambos_sex;fonasa;;;;;2842;2928;4158;7727;4034;5312;7548;
LM autorizadas Diagnostico, Seguro de Salud, Region;Enf. del Sistema Digestivo;Maule (VII);todas_actv;todas_edad;ambos_sex;fonasa;;;;;9143;9786;11661;11880;7224;10685;13405;
LM autorizadas Diagnostico, Seguro de Salud, Region;Afecciones del embarazo, Parto y Puerperio;Maule (VII);todas_actv;todas_edad;ambos_sex;fonasa;;;;;7085;6748;7204;7586;5706;7275;8146;
LM autorizadas Diagnostico, Seguro de Salud, Region;Enfermedades del Sist. Genito urinario;Maule (VII);todas_actv;todas_edad;ambos_sex;fonasa;;;;;4713;4977;5773;6409;4368;6142;7176;
LM autorizadas Diagnostico, Seguro de Salud, Region;Tumores y Cánceres;Maule (VII);todas_actv;todas_edad;ambos_sex;fonasa;;;;;4464;4509;4772;6361;5660;6624;7094;
LM autorizadas Diagnostico, Seguro de Salud, Region;Enf. cardiovasculares;Maule (VII);todas_actv;todas_edad;ambos_sex;fonasa;;;;;3935;4087;4859;5120;4852;6516;6906;
LM autorizadas Diagnostico, Seguro de Salud, Region;COVID-19;Maule (VII);todas_actv;todas_edad;ambos_sex;fonasa;;;;;#N/D;#N/D;0;0;25087;63106;58555;
;Licencia médica preventiva parental;Maule (VII);todas_actv;todas_edad;ambos_sex;fonasa;;;;;#N/D;#N/D;0;0;972;730;0;
LM autorizadas Diagnostico, Seguro de Salud, Region;Otros diagnósticos;Maule (VII);todas_actv;todas_edad;ambos_sex;fonasa;;;;;12669;13535;16789;24141;17423;27764;31563;
LM autorizadas Diagnostico, Seguro de Salud, Region;Sin información;Maule (VII);todas_actv;todas_edad;ambos_sex;fonasa;;;;;#N/D;0;0;1;0;1;0;
LM autorizadas Diagnostico, Seguro de Salud, Region;Trastornos mentales;Ñuble (XVI);todas_actv;todas_edad;ambos_sex;fonasa;;;;;#N/D;#N/D;12766;15244;18929;35270;41014;
LM autorizadas Diagnostico, Seguro de Salud, Region;Enf. osteomusculares;Ñuble (XVI);todas_actv;todas_edad;ambos_sex;fonasa;;;;;#N/D;#N/D;13977;15477;13602;25552;30935;
LM autorizadas Diagnostico, Seguro de Salud, Region;Enf. respiratorias;Ñuble (XVI);todas_actv;todas_edad;ambos_sex;fonasa;;;;;#N/D;#N/D;10154;10748;3350;3882;13186;
LM autorizadas Diagnostico, Seguro de Salud, Region;Traumatismos, envenenamientos y otros;Ñuble (XVI);todas_actv;todas_edad;ambos_sex;fonasa;;;;;#N/D;#N/D;6027;6820;5685;9384;10971;
LM autorizadas Diagnostico, Seguro de Salud, Region;Enf. infecciosas;Ñuble (XVI);todas_actv;todas_edad;ambos_sex;fonasa;;;;;#N/D;#N/D;2153;2357;1272;1779;3027;
LM autorizadas Diagnostico, Seguro de Salud, Region;Enf. del Sistema Digestivo;Ñuble (XVI);todas_actv;todas_edad;ambos_sex;fonasa;;;;;#N/D;#N/D;5634;6142;3399;5368;6934;
LM autorizadas Diagnostico, Seguro de Salud, Region;Afecciones del embarazo, Parto y Puerperio;Ñuble (XVI);todas_actv;todas_edad;ambos_sex;fonasa;;;;;#N/D;#N/D;2990;3137;2208;2477;2824;
LM autorizadas Diagnostico, Seguro de Salud, Region;Enfermedades del Sist. Genito urinario;Ñuble (XVI);todas_actv;todas_edad;ambos_sex;fonasa;;;;;#N/D;#N/D;2140;2255;1543;2375;2953;
LM autorizadas Diagnostico, Seguro de Salud, Region;Tumores y Cánceres;Ñuble (XVI);todas_actv;todas_edad;ambos_sex;fonasa;;;;;#N/D;#N/D;1596;1845;1629;2358;2592;
LM autorizadas Diagnostico, Seguro de Salud, Region;Enf. cardiovasculares;Ñuble (XVI);todas_actv;todas_edad;ambos_sex;fonasa;;;;;#N/D;#N/D;2082;2378;2198;3091;3464;
LM autorizadas Diagnostico, Seguro de Salud, Region;COVID-19;Ñuble (XVI);todas_actv;todas_edad;ambos_sex;fonasa;;;;;#N/D;#N/D;0;0;13164;33262;34353;
;Licencia médica preventiva parental;Ñuble (XVI);todas_actv;todas_edad;ambos_sex;fonasa;;;;;#N/D;#N/D;0;0;421;333;0;
LM autorizadas Diagnostico, Seguro de Salud, Region;Otros diagnósticos;Ñuble (XVI);todas_actv;todas_edad;ambos_sex;fonasa;;;;;#N/D;#N/D;7657;8585;7352;10270;13388;
LM autorizadas Diagnostico, Seguro de Salud, Region;Sin información;Ñuble (XVI);todas_actv;todas_edad;ambos_sex;fonasa;;;;;#N/D;#N/D;2;1;0;2;0;
LM autorizadas Diagnostico, Seguro de Salud, Region;Trastornos mentales;Biobío (VIII);todas_actv;todas_edad;ambos_sex;fonasa;;;;;66125;71639;66057;69233;92545;171350;197452;
LM autorizadas Diagnostico, Seguro de Salud, Region;Enf. osteomusculares;Biobío (VIII);todas_actv;todas_edad;ambos_sex;fonasa;;;;;80269;93434;90043;88240;74530;127751;136921;
LM autorizadas Diagnostico, Seguro de Salud, Region;Enf. respiratorias;Biobío (VIII);todas_actv;todas_edad;ambos_sex;fonasa;;;;;46857;54367;43947;40550;17988;17751;51424;
LM autorizadas Diagnostico, Seguro de Salud, Region;Traumatismos, envenenamientos y otros;Biobío (VIII);todas_actv;todas_edad;ambos_sex;fonasa;;;;;28056;31498;28361;29439;24997;37955;43143;
LM autorizadas Diagnostico, Seguro de Salud, Region;Enf. infecciosas;Biobío (VIII);todas_actv;todas_edad;ambos_sex;fonasa;;;;;16294;18807;19256;15722;8702;9813;15039;
LM autorizadas Diagnostico, Seguro de Salud, Region;Enf. del Sistema Digestivo;Biobío (VIII);todas_actv;todas_edad;ambos_sex;fonasa;;;;;16485;18534;15104;17152;11553;16727;22218;
LM autorizadas Diagnostico, Seguro de Salud, Region;Afecciones del embarazo, Parto y Puerperio;Biobío (VIII);todas_actv;todas_edad;ambos_sex;fonasa;;;;;15631;15709;12673;11036;8874;9842;13118;
LM autorizadas Diagnostico, Seguro de Salud, Region;Enfermedades del Sist. Genito urinario;Biobío (VIII);todas_actv;todas_edad;ambos_sex;fonasa;;;;;10422;11763;10146;9567;6377;9479;11658;
LM autorizadas Diagnostico, Seguro de Salud, Region;Tumores y Cánceres;Biobío (VIII);todas_actv;todas_edad;ambos_sex;fonasa;;;;;8721;9751;8692;8611;7570;9689;10849;
LM autorizadas Diagnostico, Seguro de Salud, Region;Enf. cardiovasculares;Biobío (VIII);todas_actv;todas_edad;ambos_sex;fonasa;;;;;9937;10764;9245;8569;7639;10603;11242;
LM autorizadas Diagnostico, Seguro de Salud, Region;COVID-19;Biobío (VIII);todas_actv;todas_edad;ambos_sex;fonasa;;;;;#N/D;#N/D;0;0;38632;105126;99263;
;Licencia médica preventiva parental;Biobío (VIII);todas_actv;todas_edad;ambos_sex;fonasa;;;;;#N/D;#N/D;0;0;1240;1019;0;
LM autorizadas Diagnostico, Seguro de Salud, Region;Otros diagnósticos;Biobío (VIII);todas_actv;todas_edad;ambos_sex;fonasa;;;;;36334;41358;38015;38462;30473;47450;57187;
LM autorizadas Diagnostico, Seguro de Salud, Region;Sin información;Biobío (VIII);todas_actv;todas_edad;ambos_sex;fonasa;;;;;#N/D;2;23;98;0;30;0;
LM autorizadas Diagnostico, Seguro de Salud, Region;Trastornos mentales;La Araucanía (IX);todas_actv;todas_edad;ambos_sex;fonasa;;;;;25588;27592;33206;38975;29329;65461;70656;
LM autorizadas Diagnostico, Seguro de Salud, Region;Enf. osteomusculares;La Araucanía (IX);todas_actv;todas_edad;ambos_sex;fonasa;;;;;27537;29545;34087;38779;22040;46755;49725;
LM autorizadas Diagnostico, Seguro de Salud, Region;Enf. respiratorias;La Araucanía (IX);todas_actv;todas_edad;ambos_sex;fonasa;;;;;16412;18165;18985;22046;6404;9658;27968;
LM autorizadas Diagnostico, Seguro de Salud, Region;Traumatismos, envenenamientos y otros;La Araucanía (IX);todas_actv;todas_edad;ambos_sex;fonasa;;;;;8354;8932;10051;13091;8956;16578;18259;
LM autorizadas Diagnostico, Seguro de Salud, Region;Enf. infecciosas;La Araucanía (IX);todas_actv;todas_edad;ambos_sex;fonasa;;;;;5632;6301;7807;7716;3485;6091;8457;
LM autorizadas Diagnostico, Seguro de Salud, Region;Enf. del Sistema Digestivo;La Araucanía (IX);todas_actv;todas_edad;ambos_sex;fonasa;;;;;4696;5264;5695;9436;4814;9564;11592;
LM autorizadas Diagnostico, Seguro de Salud, Region;Afecciones del embarazo, Parto y Puerperio;La Araucanía (IX);todas_actv;todas_edad;ambos_sex;fonasa;;;;;4107;4266;4719;4844;2689;3565;4587;
LM autorizadas Diagnostico, Seguro de Salud, Region;Enfermedades del Sist. Genito urinario;La Araucanía (IX);todas_actv;todas_edad;ambos_sex;fonasa;;;;;3406;3547;3993;4531;2238;4351;5227;
LM autorizadas Diagnostico, Seguro de Salud, Region;Tumores y Cánceres;La Araucanía (IX);todas_actv;todas_edad;ambos_sex;fonasa;;;;;2660;2888;3300;3815;3002;4763;5157;
LM autorizadas Diagnostico, Seguro de Salud, Region;Enf. cardiovasculares;La Araucanía (IX);todas_actv;todas_edad;ambos_sex;fonasa;;;;;2897;3065;3293;3759;2619;4001;4188;
LM autorizadas Diagnostico, Seguro de Salud, Region;COVID-19;La Araucanía (IX);todas_actv;todas_edad;ambos_sex;fonasa;;;;;#N/D;#N/D;0;0;16458;63589;56724;
;Licencia médica preventiva parental;La Araucanía (IX);todas_actv;todas_edad;ambos_sex;fonasa;;;;;#N/D;#N/D;0;0;729;536;0;
LM autorizadas Diagnostico, Seguro de Salud, Region;Otros diagnósticos;La Araucanía (IX);todas_actv;todas_edad;ambos_sex;fonasa;;;;;14912;16481;19154;20444;11085;20319;21965;
LM autorizadas Diagnostico, Seguro de Salud, Region;Sin información;La Araucanía (IX);todas_actv;todas_edad;ambos_sex;fonasa;;;;;#N/D;0;1;3;0;4;0;
LM autorizadas Diagnostico, Seguro de Salud, Region;Trastornos mentales;Los Ríos (XIV);todas_actv;todas_edad;ambos_sex;fonasa;;;;;4308;4530;6259;7802;6544;14692;19429;
LM autorizadas Diagnostico, Seguro de Salud, Region;Enf. osteomusculares;Los Ríos (XIV);todas_actv;todas_edad;ambos_sex;fonasa;;;;;6066;6439;8730;11229;7615;14725;17343;
LM autorizadas Diagnostico, Seguro de Salud, Region;Enf. respiratorias;Los Ríos (XIV);todas_actv;todas_edad;ambos_sex;fonasa;;;;;6234;6660;8403;10252;3251;3525;14694;
LM autorizadas Diagnostico, Seguro de Salud, Region;Traumatismos, envenenamientos y otros;Los Ríos (XIV);todas_actv;todas_edad;ambos_sex;fonasa;;;;;2428;2321;3610;4904;3676;5903;6832;
LM autorizadas Diagnostico, Seguro de Salud, Region;Enf. infecciosas;Los Ríos (XIV);todas_actv;todas_edad;ambos_sex;fonasa;;;;;2484;2654;3386;3234;1536;2229;4912;
LM autorizadas Diagnostico, Seguro de Salud, Region;Enf. del Sistema Digestivo;Los Ríos (XIV);todas_actv;todas_edad;ambos_sex;fonasa;;;;;1890;2093;3141;4679;2398;3443;5037;
LM autorizadas Diagnostico, Seguro de Salud, Region;Afecciones del embarazo, Parto y Puerperio;Los Ríos (XIV);todas_actv;todas_edad;ambos_sex;fonasa;;;;;730;733;891;1052;568;757;1030;
LM autorizadas Diagnostico, Seguro de Salud, Region;Enfermedades del Sist. Genito urinario;Los Ríos (XIV);todas_actv;todas_edad;ambos_sex;fonasa;;;;;1044;1153;1557;1783;1011;1531;2092;
LM autorizadas Diagnostico, Seguro de Salud, Region;Tumores y Cánceres;Los Ríos (XIV);todas_actv;todas_edad;ambos_sex;fonasa;;;;;1055;1289;1437;1717;1364;1528;1812;
LM autorizadas Diagnostico, Seguro de Salud, Region;Enf. cardiovasculares;Los Ríos (XIV);todas_actv;todas_edad;ambos_sex;fonasa;;;;;1005;1069;1131;1464;1005;1395;1817;
LM autorizadas Diagnostico, Seguro de Salud, Region;COVID-19;Los Ríos (XIV);todas_actv;todas_edad;ambos_sex;fonasa;;;;;#N/D;#N/D;0;0;6758;30458;29745;
;Licencia médica preventiva parental;Los Ríos (XIV);todas_actv;todas_edad;ambos_sex;fonasa;;;;;#N/D;#N/D;0;0;323;231;0;
LM autorizadas Diagnostico, Seguro de Salud, Region;Otros diagnósticos;Los Ríos (XIV);todas_actv;todas_edad;ambos_sex;fonasa;;;;;3490;3576;5011;6711;3947;6755;8982;
LM autorizadas Diagnostico, Seguro de Salud, Region;Sin información;Los Ríos (XIV);todas_actv;todas_edad;ambos_sex;fonasa;;;;;#N/D;0;1;1;0;1;0;
LM autorizadas Diagnostico, Seguro de Salud, Region;Trastornos mentales;Los Lagos (X);todas_actv;todas_edad;ambos_sex;fonasa;;;;;19946;22409;27841;33592;37648;67519;77283;
LM autorizadas Diagnostico, Seguro de Salud, Region;Enf. osteomusculares;Los Lagos (X);todas_actv;todas_edad;ambos_sex;fonasa;;;;;29182;31890;37434;40578;33671;58831;64218;
LM autorizadas Diagnostico, Seguro de Salud, Region;Enf. respiratorias;Los Lagos (X);todas_actv;todas_edad;ambos_sex;fonasa;;;;;22371;25442;27781;28289;10414;12732;43199;
LM autorizadas Diagnostico, Seguro de Salud, Region;Traumatismos, envenenamientos y otros;Los Lagos (X);todas_actv;todas_edad;ambos_sex;fonasa;;;;;9855;10698;12775;15535;12966;20431;24022;
LM autorizadas Diagnostico, Seguro de Salud, Region;Enf. infecciosas;Los Lagos (X);todas_actv;todas_edad;ambos_sex;fonasa;;;;;8713;10517;13326;10647;5589;7083;11910;
LM autorizadas Diagnostico, Seguro de Salud, Region;Enf. del Sistema Digestivo;Los Lagos (X);todas_actv;todas_edad;ambos_sex;fonasa;;;;;6123;7361;8902;10829;7496;12184;16101;
LM autorizadas Diagnostico, Seguro de Salud, Region;Afecciones del embarazo, Parto y Puerperio;Los Lagos (X);todas_actv;todas_edad;ambos_sex;fonasa;;;;;2594;2691;3197;3145;1891;2620;3216;
LM autorizadas Diagnostico, Seguro de Salud, Region;Enfermedades del Sist. Genito urinario;Los Lagos (X);todas_actv;todas_edad;ambos_sex;fonasa;;;;;3505;3848;4334;4595;3162;4735;5893;
LM autorizadas Diagnostico, Seguro de Salud, Region;Tumores y Cánceres;Los Lagos (X);todas_actv;todas_edad;ambos_sex;fonasa;;;;;2981;3041;3352;3765;3138;3930;4397;
LM autorizadas Diagnostico, Seguro de Salud, Region;Enf. cardiovasculares;Los Lagos (X);todas_actv;todas_edad;ambos_sex;fonasa;;;;;3455;3672;4169;4408;4074;5493;5663;
LM autorizadas Diagnostico, Seguro de Salud, Region;COVID-19;Los Lagos (X);todas_actv;todas_edad;ambos_sex;fonasa;;;;;#N/D;#N/D;0;0;25671;83923;57987;
;Licencia médica preventiva parental;Los Lagos (X);todas_actv;todas_edad;ambos_sex;fonasa;;;;;#N/D;#N/D;0;0;739;621;0;
LM autorizadas Diagnostico, Seguro de Salud, Region;Otros diagnósticos;Los Lagos (X);todas_actv;todas_edad;ambos_sex;fonasa;;;;;13400;14568;18216;19473;14077;22958;27787;
LM autorizadas Diagnostico, Seguro de Salud, Region;Sin información;Los Lagos (X);todas_actv;todas_edad;ambos_sex;fonasa;;;;;#N/D;0;0;1;0;22;0;
LM autorizadas Diagnostico, Seguro de Salud, Region;Trastornos mentales;Aysén (XI);todas_actv;todas_edad;ambos_sex;fonasa;;;;;2683;3683;4724;5562;4389;8758;10713;
LM autorizadas Diagnostico, Seguro de Salud, Region;Enf. osteomusculares;Aysén (XI);todas_actv;todas_edad;ambos_sex;fonasa;;;;;2861;3272;4041;4385;2547;4696;6102;
LM autorizadas Diagnostico, Seguro de Salud, Region;Enf. respiratorias;Aysén (XI);todas_actv;todas_edad;ambos_sex;fonasa;;;;;1971;2514;3324;3607;1228;1586;5731;
LM autorizadas Diagnostico, Seguro de Salud, Region;Traumatismos, envenenamientos y otros;Aysén (XI);todas_actv;todas_edad;ambos_sex;fonasa;;;;;1221;1499;1933;1905;1507;2156;2678;
LM autorizadas Diagnostico, Seguro de Salud, Region;Enf. infecciosas;Aysén (XI);todas_actv;todas_edad;ambos_sex;fonasa;;;;;844;1010;1422;1312;570;1124;1699;
LM autorizadas Diagnostico, Seguro de Salud, Region;Enf. del Sistema Digestivo;Aysén (XI);todas_actv;todas_edad;ambos_sex;fonasa;;;;;805;838;1101;1490;794;1356;1827;
LM autorizadas Diagnostico, Seguro de Salud, Region;Afecciones del embarazo, Parto y Puerperio;Aysén (XI);todas_actv;todas_edad;ambos_sex;fonasa;;;;;338;390;446;540;304;504;731;
LM autorizadas Diagnostico, Seguro de Salud, Region;Enfermedades del Sist. Genito urinario;Aysén (XI);todas_actv;todas_edad;ambos_sex;fonasa;;;;;506;580;779;844;507;735;868;
LM autorizadas Diagnostico, Seguro de Salud, Region;Tumores y Cánceres;Aysén (XI);todas_actv;todas_edad;ambos_sex;fonasa;;;;;467;514;636;578;439;570;638;
LM autorizadas Diagnostico, Seguro de Salud, Region;Enf. cardiovasculares;Aysén (XI);todas_actv;todas_edad;ambos_sex;fonasa;;;;;395;475;533;530;354;476;583;
LM autorizadas Diagnostico, Seguro de Salud, Region;COVID-19;Aysén (XI);todas_actv;todas_edad;ambos_sex;fonasa;;;;;#N/D;#N/D;0;0;1564;8257;9607;
;Licencia médica preventiva parental;Aysén (XI);todas_actv;todas_edad;ambos_sex;fonasa;;;;;#N/D;#N/D;0;0;111;99;0;
LM autorizadas Diagnostico, Seguro de Salud, Region;Otros diagnósticos;Aysén (XI);todas_actv;todas_edad;ambos_sex;fonasa;;;;;1730;1863;2475;2744;1718;2583;3333;
LM autorizadas Diagnostico, Seguro de Salud, Region;Sin información;Aysén (XI);todas_actv;todas_edad;ambos_sex;fonasa;;;;;#N/D;0;0;0;0;2;0;
LM autorizadas Diagnostico, Seguro de Salud, Region;Trastornos mentales;Magallanes (XII);todas_actv;todas_edad;ambos_sex;fonasa;;;;;4392;4432;6278;8468;9223;15432;15057;
LM autorizadas Diagnostico, Seguro de Salud, Region;Enf. osteomusculares;Magallanes (XII);todas_actv;todas_edad;ambos_sex;fonasa;;;;;5959;7073;9025;10752;6856;11268;12308;
LM autorizadas Diagnostico, Seguro de Salud, Region;Enf. respiratorias;Magallanes (XII);todas_actv;todas_edad;ambos_sex;fonasa;;;;;2881;3744;4683;6380;2481;2398;6492;
LM autorizadas Diagnostico, Seguro de Salud, Region;Traumatismos, envenenamientos y otros;Magallanes (XII);todas_actv;todas_edad;ambos_sex;fonasa;;;;;1879;2232;2781;3446;2521;4040;4980;
LM autorizadas Diagnostico, Seguro de Salud, Region;Enf. infecciosas;Magallanes (XII);todas_actv;todas_edad;ambos_sex;fonasa;;;;;586;751;1537;2098;1028;1362;2202;
LM autorizadas Diagnostico, Seguro de Salud, Region;Enf. del Sistema Digestivo;Magallanes (XII);todas_actv;todas_edad;ambos_sex;fonasa;;;;;2004;2209;3037;3304;1781;2928;3176;
LM autorizadas Diagnostico, Seguro de Salud, Region;Afecciones del embarazo, Parto y Puerperio;Magallanes (XII);todas_actv;todas_edad;ambos_sex;fonasa;;;;;932;758;784;887;647;770;761;
LM autorizadas Diagnostico, Seguro de Salud, Region;Enfermedades del Sist. Genito urinario;Magallanes (XII);todas_actv;todas_edad;ambos_sex;fonasa;;;;;791;1004;1145;1202;766;1029;1089;
LM autorizadas Diagnostico, Seguro de Salud, Region;Tumores y Cánceres;Magallanes (XII);todas_actv;todas_edad;ambos_sex;fonasa;;;;;881;1046;1166;1261;1059;1166;1214;
LM autorizadas Diagnostico, Seguro de Salud, Region;Enf. cardiovasculares;Magallanes (XII);todas_actv;todas_edad;ambos_sex;fonasa;;;;;761;799;895;1047;862;1026;902;
LM autorizadas Diagnostico, Seguro de Salud, Region;COVID-19;Magallanes (XII);todas_actv;todas_edad;ambos_sex;fonasa;;;;;#N/D;#N/D;0;0;12034;16584;17691;
;Licencia médica preventiva parental;Magallanes (XII);todas_actv;todas_edad;ambos_sex;fonasa;;;;;#N/D;#N/D;0;0;145;171;0;
LM autorizadas Diagnostico, Seguro de Salud, Region;Otros diagnósticos;Magallanes (XII);todas_actv;todas_edad;ambos_sex;fonasa;;;;;2922;3659;4477;5055;3105;5129;5507;
LM autorizadas Diagnostico, Seguro de Salud, Region;Sin información;Magallanes (XII);todas_actv;todas_edad;ambos_sex;fonasa;;;;;#N/D;0;0;0;0;1;0;
LM autorizadas Diagnostico, Seguro de Salud, Region;Trastornos mentales;Sin información;todas_actv;todas_edad;ambos_sex;fonasa;;;;;#N/D;0;0;0;0;0;0;
LM autorizadas Diagnostico, Seguro de Salud, Region;Enf. osteomusculares;Sin información;todas_actv;todas_edad;ambos_sex;fonasa;;;;;#N/D;0;0;0;0;0;0;
LM autorizadas Diagnostico, Seguro de Salud, Region;Enf. respiratorias;Sin información;todas_actv;todas_edad;ambos_sex;fonasa;;;;;#N/D;0;0;0;0;0;0;
LM autorizadas Diagnostico, Seguro de Salud, Region;Traumatismos, envenenamientos y otros;Sin información;todas_actv;todas_edad;ambos_sex;fonasa;;;;;#N/D;0;0;0;0;0;0;
LM autorizadas Diagnostico, Seguro de Salud, Region;Enf. infecciosas;Sin información;todas_actv;todas_edad;ambos_sex;fonasa;;;;;#N/D;0;0;0;0;0;0;
LM autorizadas Diagnostico, Seguro de Salud, Region;Enf. del Sistema Digestivo;Sin información;todas_actv;todas_edad;ambos_sex;fonasa;;;;;#N/D;0;0;0;0;0;0;
LM autorizadas Diagnostico, Seguro de Salud, Region;Afecciones del embarazo, Parto y Puerperio;Sin información;todas_actv;todas_edad;ambos_sex;fonasa;;;;;#N/D;0;0;0;0;0;0;
LM autorizadas Diagnostico, Seguro de Salud, Region;Enfermedades del Sist. Genito urinario;Sin información;todas_actv;todas_edad;ambos_sex;fonasa;;;;;#N/D;0;0;0;0;0;0;
LM autorizadas Diagnostico, Seguro de Salud, Region;Tumores y Cánceres;Sin información;todas_actv;todas_edad;ambos_sex;fonasa;;;;;#N/D;0;0;0;0;0;0;
LM autorizadas Diagnostico, Seguro de Salud, Region;Enf. cardiovasculares;Sin información;todas_actv;todas_edad;ambos_sex;fonasa;;;;;#N/D;0;0;0;0;0;0;
LM autorizadas Diagnostico, Seguro de Salud, Region;COVID-19;Sin información;todas_actv;todas_edad;ambos_sex;fonasa;;;;;#N/D;#N/D;0;0;0;0;0;
;Licencia médica preventiva parental;Sin información;todas_actv;todas_edad;ambos_sex;fonasa;;;;;#N/D;#N/D;0;0;0;0;0;
LM autorizadas Diagnostico, Seguro de Salud, Region;Otros diagnósticos;Sin información;todas_actv;todas_edad;ambos_sex;fonasa;;;;;#N/D;0;0;0;0;0;0;
LM autorizadas Diagnostico, Seguro de Salud, Region;Sin información;Sin información;todas_actv;todas_edad;ambos_sex;fonasa;;;;;#N/D;0;0;0;0;0;0;
LM autorizadas Diagnostico, Seguro de Salud, Region;Trastornos mentales;Arica y Parinacota (XV);todas_actv;todas_edad;ambos_sex;isapre;;;;;1085;1012;1214;1153;875;1639;1701;
LM autorizadas Diagnostico, Seguro de Salud, Region;Enf. osteomusculares;Arica y Parinacota (XV);todas_actv;todas_edad;ambos_sex;isapre;;;;;1438;1570;1530;1511;985;1236;1199;
LM autorizadas Diagnostico, Seguro de Salud, Region;Enf. respiratorias;Arica y Parinacota (XV);todas_actv;todas_edad;ambos_sex;isapre;;;;;2755;3029;2850;2899;714;614;1681;
LM autorizadas Diagnostico, Seguro de Salud, Region;Traumatismos, envenenamientos y otros;Arica y Parinacota (XV);todas_actv;todas_edad;ambos_sex;isapre;;;;;703;808;748;884;684;709;768;
LM autorizadas Diagnostico, Seguro de Salud, Region;Enf. infecciosas;Arica y Parinacota (XV);todas_actv;todas_edad;ambos_sex;isapre;;;;;1218;1283;1269;1445;675;439;622;
LM autorizadas Diagnostico, Seguro de Salud, Region;Enf. del Sistema Digestivo;Arica y Parinacota (XV);todas_actv;todas_edad;ambos_sex;isapre;;;;;1648;1586;1601;1767;811;730;951;
LM autorizadas Diagnostico, Seguro de Salud, Region;Afecciones del embarazo, Parto y Puerperio;Arica y Parinacota (XV);todas_actv;todas_edad;ambos_sex;isapre;;;;;541;511;433;348;259;175;188;
LM autorizadas Diagnostico, Seguro de Salud, Region;Enfermedades del Sist. Genito urinario;Arica y Parinacota (XV);todas_actv;todas_edad;ambos_sex;isapre;;;;;484;580;590;561;310;358;376;
LM autorizadas Diagnostico, Seguro de Salud, Region;Tumores y Cánceres;Arica y Parinacota (XV);todas_actv;todas_edad;ambos_sex;isapre;;;;;376;559;581;571;348;344;329;
LM autorizadas Diagnostico, Seguro de Salud, Region;Enf. cardiovasculares;Arica y Parinacota (XV);todas_actv;todas_edad;ambos_sex;isapre;;;;;291;264;304;310;181;137;170;
LM autorizadas Diagnostico, Seguro de Salud, Region;COVID-19;Arica y Parinacota (XV);todas_actv;todas_edad;ambos_sex;isapre;;;;;#N/D;#N/D;#N/D;0;1644;1406;2772;
;Licencia médica preventiva parental;Arica y Parinacota (XV);todas_actv;todas_edad;ambos_sex;isapre;;;;;#N/D;#N/D;#N/D;0;106;152;0;
LM autorizadas Diagnostico, Seguro de Salud, Region;Otros diagnósticos;Arica y Parinacota (XV);todas_actv;todas_edad;ambos_sex;isapre;;;;;1473;1590;1607;1558;908;1247;1129;
LM autorizadas Diagnostico, Seguro de Salud, Region;Sin información;Arica y Parinacota (XV);todas_actv;todas_edad;ambos_sex;isapre;;;;;#N/D;0;0;4;0;1;1;
LM autorizadas Diagnostico, Seguro de Salud, Region;Trastornos mentales;Tarapacá (I);todas_actv;todas_edad;ambos_sex;isapre;;;;;4676;4379;4170;4439;4899;8411;8499;
LM autorizadas Diagnostico, Seguro de Salud, Region;Enf. osteomusculares;Tarapacá (I);todas_actv;todas_edad;ambos_sex;isapre;;;;;4739;4698;5181;5204;4317;5756;5601;
LM autorizadas Diagnostico, Seguro de Salud, Region;Enf. respiratorias;Tarapacá (I);todas_actv;todas_edad;ambos_sex;isapre;;;;;4482;4719;4173;4737;2009;1856;3888;
LM autorizadas Diagnostico, Seguro de Salud, Region;Traumatismos, envenenamientos y otros;Tarapacá (I);todas_actv;todas_edad;ambos_sex;isapre;;;;;2349;2230;2480;2698;1815;2261;2523;
LM autorizadas Diagnostico, Seguro de Salud, Region;Enf. infecciosas;Tarapacá (I);todas_actv;todas_edad;ambos_sex;isapre;;;;;1630;1784;1907;2185;1205;894;1244;
LM autorizadas Diagnostico, Seguro de Salud, Region;Enf. del Sistema Digestivo;Tarapacá (I);todas_actv;todas_edad;ambos_sex;isapre;;;;;2543;2591;2612;2612;1605;1674;1819;
LM autorizadas Diagnostico, Seguro de Salud, Region;Afecciones del embarazo, Parto y Puerperio;Tarapacá (I);todas_actv;todas_edad;ambos_sex;isapre;;;;;753;592;730;583;315;288;230;
LM autorizadas Diagnostico, Seguro de Salud, Region;Enfermedades del Sist. Genito urinario;Tarapacá (I);todas_actv;todas_edad;ambos_sex;isapre;;;;;1102;1070;1123;1078;699;676;799;
LM autorizadas Diagnostico, Seguro de Salud, Region;Tumores y Cánceres;Tarapacá (I);todas_actv;todas_edad;ambos_sex;isapre;;;;;717;854;847;977;705;653;765;
LM autorizadas Diagnostico, Seguro de Salud, Region;Enf. cardiovasculares;Tarapacá (I);todas_actv;todas_edad;ambos_sex;isapre;;;;;767;631;722;750;558;543;562;
LM autorizadas Diagnostico, Seguro de Salud, Region;COVID-19;Tarapacá (I);todas_actv;todas_edad;ambos_sex;isapre;;;;;#N/D;#N/D;0;0;4660;6276;7936;
;Licencia médica preventiva parental;Tarapacá (I);todas_actv;todas_edad;ambos_sex;isapre;;;;;#N/D;#N/D;0;0;417;347;0;
LM autorizadas Diagnostico, Seguro de Salud, Region;Otros diagnósticos;Tarapacá (I);todas_actv;todas_edad;ambos_sex;isapre;;;;;3548;3454;3303;3538;2415;3430;3142;
LM autorizadas Diagnostico, Seguro de Salud, Region;Sin información;Tarapacá (I);todas_actv;todas_edad;ambos_sex;isapre;;;;;#N/D;3;0;1;2;0;18;
LM autorizadas Diagnostico, Seguro de Salud, Region;Trastornos mentales;Antofagasta (II);todas_actv;todas_edad;ambos_sex;isapre;;;;;7848;7659;8407;11096;12308;19548;16851;
LM autorizadas Diagnostico, Seguro de Salud, Region;Enf. osteomusculares;Antofagasta (II);todas_actv;todas_edad;ambos_sex;isapre;;;;;14162;14773;16035;16858;12592;14550;14357;
LM autorizadas Diagnostico, Seguro de Salud, Region;Enf. respiratorias;Antofagasta (II);todas_actv;todas_edad;ambos_sex;isapre;;;;;12047;12391;11220;12719;6728;5254;10461;
LM autorizadas Diagnostico, Seguro de Salud, Region;Traumatismos, envenenamientos y otros;Antofagasta (II);todas_actv;todas_edad;ambos_sex;isapre;;;;;7146;7162;7811;8445;5839;6224;7014;
LM autorizadas Diagnostico, Seguro de Salud, Region;Enf. infecciosas;Antofagasta (II);todas_actv;todas_edad;ambos_sex;isapre;;;;;4226;4801;4620;4908;2820;2001;2852;
LM autorizadas Diagnostico, Seguro de Salud, Region;Enf. del Sistema Digestivo;Antofagasta (II);todas_actv;todas_edad;ambos_sex;isapre;;;;;5577;5678;5896;6375;3731;3466;3832;
LM autorizadas Diagnostico, Seguro de Salud, Region;Afecciones del embarazo, Parto y Puerperio;Antofagasta (II);todas_actv;todas_edad;ambos_sex;isapre;;;;;2623;2464;1989;1862;1351;1149;1236;
LM autorizadas Diagnostico, Seguro de Salud, Region;Enfermedades del Sist. Genito urinario;Antofagasta (II);todas_actv;todas_edad;ambos_sex;isapre;;;;;3137;3109;3222;3467;2183;2025;2253;
LM autorizadas Diagnostico, Seguro de Salud, Region;Tumores y Cánceres;Antofagasta (II);todas_actv;todas_edad;ambos_sex;isapre;;;;;2198;2187;2525;2667;2246;2066;1667;
LM autorizadas Diagnostico, Seguro de Salud, Region;Enf. cardiovasculares;Antofagasta (II);todas_actv;todas_edad;ambos_sex;isapre;;;;;2082;1978;1959;2084;1557;1551;1481;
LM autorizadas Diagnostico, Seguro de Salud, Region;COVID-19;Antofagasta (II);todas_actv;todas_edad;ambos_sex;isapre;;;;;#N/D;#N/D;0;0;11478;12382;19037;
;Licencia médica preventiva parental;Antofagasta (II);todas_actv;todas_edad;ambos_sex;isapre;;;;;#N/D;#N/D;0;0;793;730;0;
LM autorizadas Diagnostico, Seguro de Salud, Region;Otros diagnósticos;Antofagasta (II);todas_actv;todas_edad;ambos_sex;isapre;;;;;8494;8434;8702;9807;7366;9355;6971;
LM autorizadas Diagnostico, Seguro de Salud, Region;Sin información;Antofagasta (II);todas_actv;todas_edad;ambos_sex;isapre;;;;;#N/D;0;6;16;5;1;25;
LM autorizadas Diagnostico, Seguro de Salud, Region;Trastornos mentales;Atacama (III);todas_actv;todas_edad;ambos_sex;isapre;;;;;1923;1948;2137;2388;2310;4503;4095;
LM autorizadas Diagnostico, Seguro de Salud, Region;Enf. osteomusculares;Atacama (III);todas_actv;todas_edad;ambos_sex;isapre;;;;;3430;3640;3943;3630;2890;3579;3341;
LM autorizadas Diagnostico, Seguro de Salud, Region;Enf. respiratorias;Atacama (III);todas_actv;todas_edad;ambos_sex;isapre;;;;;3867;4045;3788;4030;1411;1129;2800;
LM autorizadas Diagnostico, Seguro de Salud, Region;Traumatismos, envenenamientos y otros;Atacama (III);todas_actv;todas_edad;ambos_sex;isapre;;;;;1635;1774;1767;1752;1441;1537;1708;
LM autorizadas Diagnostico, Seguro de Salud, Region;Enf. infecciosas;Atacama (III);todas_actv;todas_edad;ambos_sex;isapre;;;;;1204;1568;1646;1444;583;465;752;
LM autorizadas Diagnostico, Seguro de Salud, Region;Enf. del Sistema Digestivo;Atacama (III);todas_actv;todas_edad;ambos_sex;isapre;;;;;1596;1644;1544;1723;1057;1077;1251;
LM autorizadas Diagnostico, Seguro de Salud, Region;Afecciones del embarazo, Parto y Puerperio;Atacama (III);todas_actv;todas_edad;ambos_sex;isapre;;;;;633;557;430;545;351;284;314;
LM autorizadas Diagnostico, Seguro de Salud, Region;Enfermedades del Sist. Genito urinario;Atacama (III);todas_actv;todas_edad;ambos_sex;isapre;;;;;810;868;959;809;526;585;628;
LM autorizadas Diagnostico, Seguro de Salud, Region;Tumores y Cánceres;Atacama (III);todas_actv;todas_edad;ambos_sex;isapre;;;;;658;772;709;762;517;558;480;
LM autorizadas Diagnostico, Seguro de Salud, Region;Enf. cardiovasculares;Atacama (III);todas_actv;todas_edad;ambos_sex;isapre;;;;;489;617;588;535;412;425;403;
LM autorizadas Diagnostico, Seguro de Salud, Region;COVID-19;Atacama (III);todas_actv;todas_edad;ambos_sex;isapre;;;;;#N/D;#N/D;0;0;2638;3197;6115;
;Licencia médica preventiva parental;Atacama (III);todas_actv;todas_edad;ambos_sex;isapre;;;;;#N/D;#N/D;0;0;288;241;0;
LM autorizadas Diagnostico, Seguro de Salud, Region;Otros diagnósticos;Atacama (III);todas_actv;todas_edad;ambos_sex;isapre;;;;;2505;3071;3059;2953;1929;2591;2143;
LM autorizadas Diagnostico, Seguro de Salud, Region;Sin información;Atacama (III);todas_actv;todas_edad;ambos_sex;isapre;;;;;#N/D;0;0;1;3;0;9;
LM autorizadas Diagnostico, Seguro de Salud, Region;Trastornos mentales;Coquimbo (IV);todas_actv;todas_edad;ambos_sex;isapre;;;;;3052;3106;3420;3811;3806;6208;6611;
LM autorizadas Diagnostico, Seguro de Salud, Region;Enf. osteomusculares;Coquimbo (IV);todas_actv;todas_edad;ambos_sex;isapre;;;;;2730;3239;3511;3733;2554;3166;3533;
LM autorizadas Diagnostico, Seguro de Salud, Region;Enf. respiratorias;Coquimbo (IV);todas_actv;todas_edad;ambos_sex;isapre;;;;;4537;4947;4997;5532;1541;1062;3689;
LM autorizadas Diagnostico, Seguro de Salud, Region;Traumatismos, envenenamientos y otros;Coquimbo (IV);todas_actv;todas_edad;ambos_sex;isapre;;;;;1331;1614;1786;1693;1321;1294;1725;
LM autorizadas Diagnostico, Seguro de Salud, Region;Enf. infecciosas;Coquimbo (IV);todas_actv;todas_edad;ambos_sex;isapre;;;;;1463;1802;1863;2037;842;581;1053;
LM autorizadas Diagnostico, Seguro de Salud, Region;Enf. del Sistema Digestivo;Coquimbo (IV);todas_actv;todas_edad;ambos_sex;isapre;;;;;1991;1924;2104;2373;1306;1325;1776;
LM autorizadas Diagnostico, Seguro de Salud, Region;Afecciones del embarazo, Parto y Puerperio;Coquimbo (IV);todas_actv;todas_edad;ambos_sex;isapre;;;;;828;757;618;539;490;480;490;
LM autorizadas Diagnostico, Seguro de Salud, Region;Enfermedades del Sist. Genito urinario;Coquimbo (IV);todas_actv;todas_edad;ambos_sex;isapre;;;;;846;920;969;978;546;661;806;
LM autorizadas Diagnostico, Seguro de Salud, Region;Tumores y Cánceres;Coquimbo (IV);todas_actv;todas_edad;ambos_sex;isapre;;;;;802;790;942;858;585;580;626;
LM autorizadas Diagnostico, Seguro de Salud, Region;Enf. cardiovasculares;Coquimbo (IV);todas_actv;todas_edad;ambos_sex;isapre;;;;;439;391;495;470;333;373;484;
LM autorizadas Diagnostico, Seguro de Salud, Region;COVID-19;Coquimbo (IV);todas_actv;todas_edad;ambos_sex;isapre;;;;;#N/D;#N/D;0;0;2304;2804;6247;
;Licencia médica preventiva parental;Coquimbo (IV);todas_actv;todas_edad;ambos_sex;isapre;;;;;#N/D;#N/D;0;0;369;378;0;
LM autorizadas Diagnostico, Seguro de Salud, Region;Otros diagnósticos;Coquimbo (IV);todas_actv;todas_edad;ambos_sex;isapre;;;;;2223;2336;2584;2767;1562;2337;2404;
LM autorizadas Diagnostico, Seguro de Salud, Region;Sin información;Coquimbo (IV);todas_actv;todas_edad;ambos_sex;isapre;;;;;#N/D;0;0;9;3;1;7;
LM autorizadas Diagnostico, Seguro de Salud, Region;Trastornos mentales;Valparaíso (V);todas_actv;todas_edad;ambos_sex;isapre;;;;;12300;12786;14195;15325;15662;30191;27895;
LM autorizadas Diagnostico, Seguro de Salud, Region;Enf. osteomusculares;Valparaíso (V);todas_actv;todas_edad;ambos_sex;isapre;;;;;13909;15757;16295;16381;12981;14704;14354;
LM autorizadas Diagnostico, Seguro de Salud, Region;Enf. respiratorias;Valparaíso (V);todas_actv;todas_edad;ambos_sex;isapre;;;;;22560;21966;21940;23825;6943;4681;14413;
LM autorizadas Diagnostico, Seguro de Salud, Region;Traumatismos, envenenamientos y otros;Valparaíso (V);todas_actv;todas_edad;ambos_sex;isapre;;;;;7367;8076;8312;8652;6725;6877;7235;
LM autorizadas Diagnostico, Seguro de Salud, Region;Enf. infecciosas;Valparaíso (V);todas_actv;todas_edad;ambos_sex;isapre;;;;;7294;9142;9184;8372;3909;2747;4409;
LM autorizadas Diagnostico, Seguro de Salud, Region;Enf. del Sistema Digestivo;Valparaíso (V);todas_actv;todas_edad;ambos_sex;isapre;;;;;7108;7547;8160;8554;4825;4570;5960;
LM autorizadas Diagnostico, Seguro de Salud, Region;Afecciones del embarazo, Parto y Puerperio;Valparaíso (V);todas_actv;todas_edad;ambos_sex;isapre;;;;;3371;3452;3034;2614;2087;1926;1854;
LM autorizadas Diagnostico, Seguro de Salud, Region;Enfermedades del Sist. Genito urinario;Valparaíso (V);todas_actv;todas_edad;ambos_sex;isapre;;;;;3841;3841;4090;4106;2629;2631;2895;
LM autorizadas Diagnostico, Seguro de Salud, Region;Tumores y Cánceres;Valparaíso (V);todas_actv;todas_edad;ambos_sex;isapre;;;;;2700;2995;3326;3617;2679;2262;2433;
LM autorizadas Diagnostico, Seguro de Salud, Region;Enf. cardiovasculares;Valparaíso (V);todas_actv;todas_edad;ambos_sex;isapre;;;;;1987;2193;2397;2154;2036;1819;1677;
LM autorizadas Diagnostico, Seguro de Salud, Region;COVID-19;Valparaíso (V);todas_actv;todas_edad;ambos_sex;isapre;;;;;#N/D;#N/D;0;0;12810;14325;25575;
;Licencia médica preventiva parental;Valparaíso (V);todas_actv;todas_edad;ambos_sex;isapre;;;;;#N/D;#N/D;0;0;2412;2319;0;
LM autorizadas Diagnostico, Seguro de Salud, Region;Otros diagnósticos;Valparaíso (V);todas_actv;todas_edad;ambos_sex;isapre;;;;;10581;11592;12177;12382;8517;9945;9432;
LM autorizadas Diagnostico, Seguro de Salud, Region;Sin información;Valparaíso (V);todas_actv;todas_edad;ambos_sex;isapre;;;;;#N/D;4;5;19;12;0;16;
LM autorizadas Diagnostico, Seguro de Salud, Region;Trastornos mentales;Metropolitana (RM);todas_actv;todas_edad;ambos_sex;isapre;;;;;145156;151222;166803;187867;206766;332714;239115;
LM autorizadas Diagnostico, Seguro de Salud, Region;Enf. osteomusculares;Metropolitana (RM);todas_actv;todas_edad;ambos_sex;isapre;;;;;159121;168868;179038;193447;142975;156772;133734;
LM autorizadas Diagnostico, Seguro de Salud, Region;Enf. respiratorias;Metropolitana (RM);todas_actv;todas_edad;ambos_sex;isapre;;;;;257723;273095;256723;297063;90546;56932;140199;
LM autorizadas Diagnostico, Seguro de Salud, Region;Traumatismos, envenenamientos y otros;Metropolitana (RM);todas_actv;todas_edad;ambos_sex;isapre;;;;;89101;94884;100336;106292;74640;70029;69652;
LM autorizadas Diagnostico, Seguro de Salud, Region;Enf. infecciosas;Metropolitana (RM);todas_actv;todas_edad;ambos_sex;isapre;;;;;110850;128679;138460;124483;57440;35200;48813;
LM autorizadas Diagnostico, Seguro de Salud, Region;Enf. del Sistema Digestivo;Metropolitana (RM);todas_actv;todas_edad;ambos_sex;isapre;;;;;80346;83811;89988;112481;59402;53632;63396;
LM autorizadas Diagnostico, Seguro de Salud, Region;Afecciones del embarazo, Parto y Puerperio;Metropolitana (RM);todas_actv;todas_edad;ambos_sex;isapre;;;;;35514;36101;34619;34142;24919;20151;20299;
LM autorizadas Diagnostico, Seguro de Salud, Region;Enfermedades del Sist. Genito urinario;Metropolitana (RM);todas_actv;todas_edad;ambos_sex;isapre;;;;;37964;41273;43044;44414;28309;26290;28487;
LM autorizadas Diagnostico, Seguro de Salud, Region;Tumores y Cánceres;Metropolitana (RM);todas_actv;todas_edad;ambos_sex;isapre;;;;;30900;32898;35068;38147;32269;25947;25689;
LM autorizadas Diagnostico, Seguro de Salud, Region;Enf. cardiovasculares;Metropolitana (RM);todas_actv;todas_edad;ambos_sex;isapre;;;;;19441;21219;22033;23722;19397;17196;15604;
LM autorizadas Diagnostico, Seguro de Salud, Region;COVID-19;Metropolitana (RM);todas_actv;todas_edad;ambos_sex;isapre;;;;;#N/D;#N/D;0;0;188444;185978;257579;
;Licencia médica preventiva parental;Metropolitana (RM);todas_actv;todas_edad;ambos_sex;isapre;;;;;#N/D;#N/D;0;0;29187;30785;0;
LM autorizadas Diagnostico, Seguro de Salud, Region;Otros diagnósticos;Metropolitana (RM);todas_actv;todas_edad;ambos_sex;isapre;;;;;130820;138113;147419;158727;104752;111657;101443;
LM autorizadas Diagnostico, Seguro de Salud, Region;Sin información;Metropolitana (RM);todas_actv;todas_edad;ambos_sex;isapre;;;;;#N/D;75;57;267;132;26;280;
LM autorizadas Diagnostico, Seguro de Salud, Region;Trastornos mentales;O'Higgins (VI);todas_actv;todas_edad;ambos_sex;isapre;;;;;8212;7772;8726;9002;8630;16744;13145;
LM autorizadas Diagnostico, Seguro de Salud, Region;Enf. osteomusculares;O'Higgins (VI);todas_actv;todas_edad;ambos_sex;isapre;;;;;9105;9343;9524;9727;7056;9032;8459;
LM autorizadas Diagnostico, Seguro de Salud, Region;Enf. respiratorias;O'Higgins (VI);todas_actv;todas_edad;ambos_sex;isapre;;;;;8317;8933;8008;8849;2979;2263;6073;
LM autorizadas Diagnostico, Seguro de Salud, Region;Traumatismos, envenenamientos y otros;O'Higgins (VI);todas_actv;todas_edad;ambos_sex;isapre;;;;;4397;4473;4760;4793;3777;3891;4057;
LM autorizadas Diagnostico, Seguro de Salud, Region;Enf. infecciosas;O'Higgins (VI);todas_actv;todas_edad;ambos_sex;isapre;;;;;3765;4129;4459;4614;2217;1810;2681;
LM autorizadas Diagnostico, Seguro de Salud, Region;Enf. del Sistema Digestivo;O'Higgins (VI);todas_actv;todas_edad;ambos_sex;isapre;;;;;3490;3691;4060;4148;2400;2470;3011;
LM autorizadas Diagnostico, Seguro de Salud, Region;Afecciones del embarazo, Parto y Puerperio;O'Higgins (VI);todas_actv;todas_edad;ambos_sex;isapre;;;;;2279;2304;1861;1687;1562;1443;1422;
LM autorizadas Diagnostico, Seguro de Salud, Region;Enfermedades del Sist. Genito urinario;O'Higgins (VI);todas_actv;todas_edad;ambos_sex;isapre;;;;;1926;1990;1968;1996;1274;1402;1487;
LM autorizadas Diagnostico, Seguro de Salud, Region;Tumores y Cánceres;O'Higgins (VI);todas_actv;todas_edad;ambos_sex;isapre;;;;;1529;1523;1448;1803;1703;1233;1271;
LM autorizadas Diagnostico, Seguro de Salud, Region;Enf. cardiovasculares;O'Higgins (VI);todas_actv;todas_edad;ambos_sex;isapre;;;;;1149;1346;1086;1213;962;948;926;
LM autorizadas Diagnostico, Seguro de Salud, Region;COVID-19;O'Higgins (VI);todas_actv;todas_edad;ambos_sex;isapre;;;;;#N/D;#N/D;0;0;11296;7744;13778;
;Licencia médica preventiva parental;O'Higgins (VI);todas_actv;todas_edad;ambos_sex;isapre;;;;;#N/D;#N/D;0;0;1112;1126;0;
LM autorizadas Diagnostico, Seguro de Salud, Region;Otros diagnósticos;O'Higgins (VI);todas_actv;todas_edad;ambos_sex;isapre;;;;;5808;6125;6388;6334;4578;6062;4898;
LM autorizadas Diagnostico, Seguro de Salud, Region;Sin información;O'Higgins (VI);todas_actv;todas_edad;ambos_sex;isapre;;;;;#N/D;0;2;1;12;0;3;
LM autorizadas Diagnostico, Seguro de Salud, Region;Trastornos mentales;Maule (VII);todas_actv;todas_edad;ambos_sex;isapre;;;;;6002;6320;7763;8486;7775;15708;14752;
LM autorizadas Diagnostico, Seguro de Salud, Region;Enf. osteomusculares;Maule (VII);todas_actv;todas_edad;ambos_sex;isapre;;;;;6260;7046;7799;8535;5882;7113;7932;
LM autorizadas Diagnostico, Seguro de Salud, Region;Enf. respiratorias;Maule (VII);todas_actv;todas_edad;ambos_sex;isapre;;;;;9042;9862;9898;10666;2614;2256;7426;
LM autorizadas Diagnostico, Seguro de Salud, Region;Traumatismos, envenenamientos y otros;Maule (VII);todas_actv;todas_edad;ambos_sex;isapre;;;;;2936;3309;3733;4181;3088;3050;3396;
LM autorizadas Diagnostico, Seguro de Salud, Region;Enf. infecciosas;Maule (VII);todas_actv;todas_edad;ambos_sex;isapre;;;;;3065;3649;4298;4664;2006;1541;2281;
LM autorizadas Diagnostico, Seguro de Salud, Region;Enf. del Sistema Digestivo;Maule (VII);todas_actv;todas_edad;ambos_sex;isapre;;;;;3669;3786;4113;4773;2400;2383;3422;
LM autorizadas Diagnostico, Seguro de Salud, Region;Afecciones del embarazo, Parto y Puerperio;Maule (VII);todas_actv;todas_edad;ambos_sex;isapre;;;;;1323;1300;1279;1132;1028;1166;1178;
LM autorizadas Diagnostico, Seguro de Salud, Region;Enfermedades del Sist. Genito urinario;Maule (VII);todas_actv;todas_edad;ambos_sex;isapre;;;;;1390;1613;1703;1797;986;1128;1224;
LM autorizadas Diagnostico, Seguro de Salud, Region;Tumores y Cánceres;Maule (VII);todas_actv;todas_edad;ambos_sex;isapre;;;;;1323;1400;1679;1833;1283;1075;1205;
LM autorizadas Diagnostico, Seguro de Salud, Region;Enf. cardiovasculares;Maule (VII);todas_actv;todas_edad;ambos_sex;isapre;;;;;841;821;1074;1093;761;745;841;
LM autorizadas Diagnostico, Seguro de Salud, Region;COVID-19;Maule (VII);todas_actv;todas_edad;ambos_sex;isapre;;;;;#N/D;#N/D;0;0;5265;5361;11214;
;Licencia médica preventiva parental;Maule (VII);todas_actv;todas_edad;ambos_sex;isapre;;;;;#N/D;#N/D;0;0;736;914;0;
LM autorizadas Diagnostico, Seguro de Salud, Region;Otros diagnósticos;Maule (VII);todas_actv;todas_edad;ambos_sex;isapre;;;;;5096;5468;5917;6338;3951;6137;5705;
LM autorizadas Diagnostico, Seguro de Salud, Region;Sin información;Maule (VII);todas_actv;todas_edad;ambos_sex;isapre;;;;;#N/D;0;0;15;6;0;17;
LM autorizadas Diagnostico, Seguro de Salud, Region;Trastornos mentales;Ñuble (XVI);todas_actv;todas_edad;ambos_sex;isapre;;;;;#N/D;#N/D;999;4012;3858;7905;7520;
LM autorizadas Diagnostico, Seguro de Salud, Region;Enf. osteomusculares;Ñuble (XVI);todas_actv;todas_edad;ambos_sex;isapre;;;;;#N/D;#N/D;956;3495;2163;3282;3486;
LM autorizadas Diagnostico, Seguro de Salud, Region;Enf. respiratorias;Ñuble (XVI);todas_actv;todas_edad;ambos_sex;isapre;;;;;#N/D;#N/D;1120;5043;1018;943;3481;
LM autorizadas Diagnostico, Seguro de Salud, Region;Traumatismos, envenenamientos y otros;Ñuble (XVI);todas_actv;todas_edad;ambos_sex;isapre;;;;;#N/D;#N/D;385;1601;1046;1397;1596;
LM autorizadas Diagnostico, Seguro de Salud, Region;Enf. infecciosas;Ñuble (XVI);todas_actv;todas_edad;ambos_sex;isapre;;;;;#N/D;#N/D;646;2206;735;552;946;
LM autorizadas Diagnostico, Seguro de Salud, Region;Enf. del Sistema Digestivo;Ñuble (XVI);todas_actv;todas_edad;ambos_sex;isapre;;;;;#N/D;#N/D;606;2212;1028;1269;1736;
LM autorizadas Diagnostico, Seguro de Salud, Region;Afecciones del embarazo, Parto y Puerperio;Ñuble (XVI);todas_actv;todas_edad;ambos_sex;isapre;;;;;#N/D;#N/D;131;454;352;380;321;
LM autorizadas Diagnostico, Seguro de Salud, Region;Enfermedades del Sist. Genito urinario;Ñuble (XVI);todas_actv;todas_edad;ambos_sex;isapre;;;;;#N/D;#N/D;226;825;423;510;658;
LM autorizadas Diagnostico, Seguro de Salud, Region;Tumores y Cánceres;Ñuble (XVI);todas_actv;todas_edad;ambos_sex;isapre;;;;;#N/D;#N/D;141;611;468;486;467;
LM autorizadas Diagnostico, Seguro de Salud, Region;Enf. cardiovasculares;Ñuble (XVI);todas_actv;todas_edad;ambos_sex;isapre;;;;;#N/D;#N/D;161;460;370;389;347;
LM autorizadas Diagnostico, Seguro de Salud, Region;COVID-19;Ñuble (XVI);todas_actv;todas_edad;ambos_sex;isapre;;;;;#N/D;#N/D;0;0;2473;2964;5536;
;Licencia médica preventiva parental;Ñuble (XVI);todas_actv;todas_edad;ambos_sex;isapre;;;;;#N/D;#N/D;0;0;369;320;0;
LM autorizadas Diagnostico, Seguro de Salud, Region;Otros diagnósticos;Ñuble (XVI);todas_actv;todas_edad;ambos_sex;isapre;;;;;#N/D;#N/D;829;2855;1659;2622;2779;
LM autorizadas Diagnostico, Seguro de Salud, Region;Sin información;Ñuble (XVI);todas_actv;todas_edad;ambos_sex;isapre;;;;;#N/D;#N/D;0;9;5;0;9;
LM autorizadas Diagnostico, Seguro de Salud, Region;Trastornos mentales;Biobío (VIII);todas_actv;todas_edad;ambos_sex;isapre;;;;;18269;18446;19586;18954;21041;31325;25293;
LM autorizadas Diagnostico, Seguro de Salud, Region;Enf. osteomusculares;Biobío (VIII);todas_actv;todas_edad;ambos_sex;isapre;;;;;18858;19733;20575;19760;14167;17749;16731;
LM autorizadas Diagnostico, Seguro de Salud, Region;Enf. respiratorias;Biobío (VIII);todas_actv;todas_edad;ambos_sex;isapre;;;;;25094;28004;27155;23720;5677;4515;14785;
LM autorizadas Diagnostico, Seguro de Salud, Region;Traumatismos, envenenamientos y otros;Biobío (VIII);todas_actv;todas_edad;ambos_sex;isapre;;;;;8266;8547;8711;8400;5957;6341;6384;
LM autorizadas Diagnostico, Seguro de Salud, Region;Enf. infecciosas;Biobío (VIII);todas_actv;todas_edad;ambos_sex;isapre;;;;;9971;11089;12079;10294;3830;2840;4776;
LM autorizadas Diagnostico, Seguro de Salud, Region;Enf. del Sistema Digestivo;Biobío (VIII);todas_actv;todas_edad;ambos_sex;isapre;;;;;8336;8747;9319;8671;4061;4487;5753;
LM autorizadas Diagnostico, Seguro de Salud, Region;Afecciones del embarazo, Parto y Puerperio;Biobío (VIII);todas_actv;todas_edad;ambos_sex;isapre;;;;;3778;3901;3590;2837;2284;2232;2692;
LM autorizadas Diagnostico, Seguro de Salud, Region;Enfermedades del Sist. Genito urinario;Biobío (VIII);todas_actv;todas_edad;ambos_sex;isapre;;;;;4090;4521;4248;3847;2298;2330;2604;
LM autorizadas Diagnostico, Seguro de Salud, Region;Tumores y Cánceres;Biobío (VIII);todas_actv;todas_edad;ambos_sex;isapre;;;;;3334;3425;3590;3220;2778;2437;2513;
LM autorizadas Diagnostico, Seguro de Salud, Region;Enf. cardiovasculares;Biobío (VIII);todas_actv;todas_edad;ambos_sex;isapre;;;;;2438;2406;2346;2022;1661;1555;1376;
LM autorizadas Diagnostico, Seguro de Salud, Region;COVID-19;Biobío (VIII);todas_actv;todas_edad;ambos_sex;isapre;;;;;#N/D;#N/D;0;0;9357;12296;22099;
;Licencia médica preventiva parental;Biobío (VIII);todas_actv;todas_edad;ambos_sex;isapre;;;;;#N/D;#N/D;0;0;2093;1947;0;
LM autorizadas Diagnostico, Seguro de Salud, Region;Otros diagnósticos;Biobío (VIII);todas_actv;todas_edad;ambos_sex;isapre;;;;;13993;14723;15260;13780;8724;11036;10711;
LM autorizadas Diagnostico, Seguro de Salud, Region;Sin información;Biobío (VIII);todas_actv;todas_edad;ambos_sex;isapre;;;;;#N/D;0;3;51;21;2;19;
LM autorizadas Diagnostico, Seguro de Salud, Region;Trastornos mentales;La Araucanía (IX);todas_actv;todas_edad;ambos_sex;isapre;;;;;7200;7522;8767;10247;8433;13872;12648;
LM autorizadas Diagnostico, Seguro de Salud, Region;Enf. osteomusculares;La Araucanía (IX);todas_actv;todas_edad;ambos_sex;isapre;;;;;6460;7167;8043;8501;5324;5979;6524;
LM autorizadas Diagnostico, Seguro de Salud, Region;Enf. respiratorias;La Araucanía (IX);todas_actv;todas_edad;ambos_sex;isapre;;;;;10002;11275;11339;11973;2619;1847;7282;
LM autorizadas Diagnostico, Seguro de Salud, Region;Traumatismos, envenenamientos y otros;La Araucanía (IX);todas_actv;todas_edad;ambos_sex;isapre;;;;;2803;3050;3279;3687;2443;2614;2941;
LM autorizadas Diagnostico, Seguro de Salud, Region;Enf. infecciosas;La Araucanía (IX);todas_actv;todas_edad;ambos_sex;isapre;;;;;3638;4275;4707;4721;1772;1347;2357;
LM autorizadas Diagnostico, Seguro de Salud, Region;Enf. del Sistema Digestivo;La Araucanía (IX);todas_actv;todas_edad;ambos_sex;isapre;;;;;3618;3677;4528;5062;2358;2381;3153;
LM autorizadas Diagnostico, Seguro de Salud, Region;Afecciones del embarazo, Parto y Puerperio;La Araucanía (IX);todas_actv;todas_edad;ambos_sex;isapre;;;;;1328;1492;1484;1426;928;853;972;
LM autorizadas Diagnostico, Seguro de Salud, Region;Enfermedades del Sist. Genito urinario;La Araucanía (IX);todas_actv;todas_edad;ambos_sex;isapre;;;;;1701;1813;1893;1996;1114;1118;1287;
LM autorizadas Diagnostico, Seguro de Salud, Region;Tumores y Cánceres;La Araucanía (IX);todas_actv;todas_edad;ambos_sex;isapre;;;;;1509;1498;1533;1604;1345;1199;1182;
LM autorizadas Diagnostico, Seguro de Salud, Region;Enf. cardiovasculares;La Araucanía (IX);todas_actv;todas_edad;ambos_sex;isapre;;;;;920;912;947;966;699;763;698;
LM autorizadas Diagnostico, Seguro de Salud, Region;COVID-19;La Araucanía (IX);todas_actv;todas_edad;ambos_sex;isapre;;;;;#N/D;#N/D;0;0;3559;6403;12634;
;Licencia médica preventiva parental;La Araucanía (IX);todas_actv;todas_edad;ambos_sex;isapre;;;;;#N/D;#N/D;0;0;953;922;0;
LM autorizadas Diagnostico, Seguro de Salud, Region;Otros diagnósticos;La Araucanía (IX);todas_actv;todas_edad;ambos_sex;isapre;;;;;5201;5767;5942;6301;3487;4679;4478;
LM autorizadas Diagnostico, Seguro de Salud, Region;Sin información;La Araucanía (IX);todas_actv;todas_edad;ambos_sex;isapre;;;;;#N/D;0;3;60;19;1;14;
LM autorizadas Diagnostico, Seguro de Salud, Region;Trastornos mentales;Los Ríos (XIV);todas_actv;todas_edad;ambos_sex;isapre;;;;;2390;2586;2906;3046;2602;3917;4106;
LM autorizadas Diagnostico, Seguro de Salud, Region;Enf. osteomusculares;Los Ríos (XIV);todas_actv;todas_edad;ambos_sex;isapre;;;;;2684;2901;3104;3200;2070;2234;2464;
LM autorizadas Diagnostico, Seguro de Salud, Region;Enf. respiratorias;Los Ríos (XIV);todas_actv;todas_edad;ambos_sex;isapre;;;;;4818;5301;5434;5275;1246;770;3283;
LM autorizadas Diagnostico, Seguro de Salud, Region;Traumatismos, envenenamientos y otros;Los Ríos (XIV);todas_actv;todas_edad;ambos_sex;isapre;;;;;1243;1318;1487;1505;1039;1121;1166;
LM autorizadas Diagnostico, Seguro de Salud, Region;Enf. infecciosas;Los Ríos (XIV);todas_actv;todas_edad;ambos_sex;isapre;;;;;1637;2130;2131;2047;747;501;1003;
LM autorizadas Diagnostico, Seguro de Salud, Region;Enf. del Sistema Digestivo;Los Ríos (XIV);todas_actv;todas_edad;ambos_sex;isapre;;;;;1455;1555;1882;1993;1067;977;1258;
LM autorizadas Diagnostico, Seguro de Salud, Region;Afecciones del embarazo, Parto y Puerperio;Los Ríos (XIV);todas_actv;todas_edad;ambos_sex;isapre;;;;;313;315;378;374;213;234;232;
LM autorizadas Diagnostico, Seguro de Salud, Region;Enfermedades del Sist. Genito urinario;Los Ríos (XIV);todas_actv;todas_edad;ambos_sex;isapre;;;;;578;626;652;648;352;430;461;
LM autorizadas Diagnostico, Seguro de Salud, Region;Tumores y Cánceres;Los Ríos (XIV);todas_actv;todas_edad;ambos_sex;isapre;;;;;497;556;781;866;720;426;464;
LM autorizadas Diagnostico, Seguro de Salud, Region;Enf. cardiovasculares;Los Ríos (XIV);todas_actv;todas_edad;ambos_sex;isapre;;;;;383;373;465;442;226;314;244;
LM autorizadas Diagnostico, Seguro de Salud, Region;COVID-19;Los Ríos (XIV);todas_actv;todas_edad;ambos_sex;isapre;;;;;#N/D;#N/D;0;0;1854;3297;6009;
;Licencia médica preventiva parental;Los Ríos (XIV);todas_actv;todas_edad;ambos_sex;isapre;;;;;#N/D;#N/D;0;0;282;249;0;
LM autorizadas Diagnostico, Seguro de Salud, Region;Otros diagnósticos;Los Ríos (XIV);todas_actv;todas_edad;ambos_sex;isapre;;;;;2289;2220;2420;2639;1499;1804;1720;
LM autorizadas Diagnostico, Seguro de Salud, Region;Sin información;Los Ríos (XIV);todas_actv;todas_edad;ambos_sex;isapre;;;;;#N/D;0;0;26;2;0;4;
LM autorizadas Diagnostico, Seguro de Salud, Region;Trastornos mentales;Los Lagos (X);todas_actv;todas_edad;ambos_sex;isapre;;;;;7767;7855;9503;10641;10243;16780;16125;
LM autorizadas Diagnostico, Seguro de Salud, Region;Enf. osteomusculares;Los Lagos (X);todas_actv;todas_edad;ambos_sex;isapre;;;;;8963;9619;9886;10350;6844;8693;8810;
LM autorizadas Diagnostico, Seguro de Salud, Region;Enf. respiratorias;Los Lagos (X);todas_actv;todas_edad;ambos_sex;isapre;;;;;13856;15307;15341;15177;3577;3344;11333;
LM autorizadas Diagnostico, Seguro de Salud, Region;Traumatismos, envenenamientos y otros;Los Lagos (X);todas_actv;todas_edad;ambos_sex;isapre;;;;;4166;4426;4766;5289;3686;4218;4634;
LM autorizadas Diagnostico, Seguro de Salud, Region;Enf. infecciosas;Los Lagos (X);todas_actv;todas_edad;ambos_sex;isapre;;;;;4638;5547;6135;5532;2150;1819;3028;
LM autorizadas Diagnostico, Seguro de Salud, Region;Enf. del Sistema Digestivo;Los Lagos (X);todas_actv;todas_edad;ambos_sex;isapre;;;;;4677;4707;5169;5533;2629;3286;4151;
LM autorizadas Diagnostico, Seguro de Salud, Region;Afecciones del embarazo, Parto y Puerperio;Los Lagos (X);todas_actv;todas_edad;ambos_sex;isapre;;;;;1487;1328;1428;1338;699;768;797;
LM autorizadas Diagnostico, Seguro de Salud, Region;Enfermedades del Sist. Genito urinario;Los Lagos (X);todas_actv;todas_edad;ambos_sex;isapre;;;;;1802;1848;1979;1941;1108;1192;1462;
LM autorizadas Diagnostico, Seguro de Salud, Region;Tumores y Cánceres;Los Lagos (X);todas_actv;todas_edad;ambos_sex;isapre;;;;;1309;1637;1566;1515;1520;1252;1300;
LM autorizadas Diagnostico, Seguro de Salud, Region;Enf. cardiovasculares;Los Lagos (X);todas_actv;todas_edad;ambos_sex;isapre;;;;;1195;1182;1175;1263;953;1085;1060;
LM autorizadas Diagnostico, Seguro de Salud, Region;COVID-19;Los Lagos (X);todas_actv;todas_edad;ambos_sex;isapre;;;;;#N/D;#N/D;0;0;6113;11322;12807;
;Licencia médica preventiva parental;Los Lagos (X);todas_actv;todas_edad;ambos_sex;isapre;;;;;#N/D;#N/D;0;0;938;1071;0;
LM autorizadas Diagnostico, Seguro de Salud, Region;Otros diagnósticos;Los Lagos (X);todas_actv;todas_edad;ambos_sex;isapre;;;;;6302;6407;6898;7668;4488;6357;5658;
LM autorizadas Diagnostico, Seguro de Salud, Region;Sin información;Los Lagos (X);todas_actv;todas_edad;ambos_sex;isapre;;;;;#N/D;1;3;50;27;2;17;
LM autorizadas Diagnostico, Seguro de Salud, Region;Trastornos mentales;Aysén (XI);todas_actv;todas_edad;ambos_sex;isapre;;;;;1057;1130;1132;1140;1138;1758;1701;
LM autorizadas Diagnostico, Seguro de Salud, Region;Enf. osteomusculares;Aysén (XI);todas_actv;todas_edad;ambos_sex;isapre;;;;;951;988;989;997;501;599;682;
LM autorizadas Diagnostico, Seguro de Salud, Region;Enf. respiratorias;Aysén (XI);todas_actv;todas_edad;ambos_sex;isapre;;;;;1440;1722;1609;1513;331;328;1217;
LM autorizadas Diagnostico, Seguro de Salud, Region;Traumatismos, envenenamientos y otros;Aysén (XI);todas_actv;todas_edad;ambos_sex;isapre;;;;;510;538;497;458;348;348;372;
LM autorizadas Diagnostico, Seguro de Salud, Region;Enf. infecciosas;Aysén (XI);todas_actv;todas_edad;ambos_sex;isapre;;;;;448;499;533;482;166;177;333;
LM autorizadas Diagnostico, Seguro de Salud, Region;Enf. del Sistema Digestivo;Aysén (XI);todas_actv;todas_edad;ambos_sex;isapre;;;;;513;496;527;510;232;243;372;
LM autorizadas Diagnostico, Seguro de Salud, Region;Afecciones del embarazo, Parto y Puerperio;Aysén (XI);todas_actv;todas_edad;ambos_sex;isapre;;;;;147;152;203;156;76;82;78;
LM autorizadas Diagnostico, Seguro de Salud, Region;Enfermedades del Sist. Genito urinario;Aysén (XI);todas_actv;todas_edad;ambos_sex;isapre;;;;;183;224;223;238;147;137;171;
LM autorizadas Diagnostico, Seguro de Salud, Region;Tumores y Cánceres;Aysén (XI);todas_actv;todas_edad;ambos_sex;isapre;;;;;205;236;256;263;145;132;157;
LM autorizadas Diagnostico, Seguro de Salud, Region;Enf. cardiovasculares;Aysén (XI);todas_actv;todas_edad;ambos_sex;isapre;;;;;143;136;123;134;112;73;100;
LM autorizadas Diagnostico, Seguro de Salud, Region;COVID-19;Aysén (XI);todas_actv;todas_edad;ambos_sex;isapre;;;;;#N/D;#N/D;0;0;367;847;1482;
;Licencia médica preventiva parental;Aysén (XI);todas_actv;todas_edad;ambos_sex;isapre;;;;;#N/D;#N/D;0;0;129;100;0;
LM autorizadas Diagnostico, Seguro de Salud, Region;Otros diagnósticos;Aysén (XI);todas_actv;todas_edad;ambos_sex;isapre;;;;;749;777;721;696;333;515;457;
LM autorizadas Diagnostico, Seguro de Salud, Region;Sin información;Aysén (XI);todas_actv;todas_edad;ambos_sex;isapre;;;;;#N/D;0;0;4;3;2;4;
LM autorizadas Diagnostico, Seguro de Salud, Region;Trastornos mentales;Magallanes (XII);todas_actv;todas_edad;ambos_sex;isapre;;;;;1894;2036;2444;2985;2761;4391;3483;
LM autorizadas Diagnostico, Seguro de Salud, Region;Enf. osteomusculares;Magallanes (XII);todas_actv;todas_edad;ambos_sex;isapre;;;;;3042;3673;3702;4382;2404;2980;2797;
LM autorizadas Diagnostico, Seguro de Salud, Region;Enf. respiratorias;Magallanes (XII);todas_actv;todas_edad;ambos_sex;isapre;;;;;3130;3500;3633;4532;1108;817;2423;
LM autorizadas Diagnostico, Seguro de Salud, Region;Traumatismos, envenenamientos y otros;Magallanes (XII);todas_actv;todas_edad;ambos_sex;isapre;;;;;1502;1517;1923;1943;1135;1159;1369;
LM autorizadas Diagnostico, Seguro de Salud, Region;Enf. infecciosas;Magallanes (XII);todas_actv;todas_edad;ambos_sex;isapre;;;;;1197;1495;1678;1723;465;389;628;
LM autorizadas Diagnostico, Seguro de Salud, Region;Enf. del Sistema Digestivo;Magallanes (XII);todas_actv;todas_edad;ambos_sex;isapre;;;;;1057;1236;1323;1621;730;812;904;
LM autorizadas Diagnostico, Seguro de Salud, Region;Afecciones del embarazo, Parto y Puerperio;Magallanes (XII);todas_actv;todas_edad;ambos_sex;isapre;;;;;379;389;438;320;301;242;189;
LM autorizadas Diagnostico, Seguro de Salud, Region;Enfermedades del Sist. Genito urinario;Magallanes (XII);todas_actv;todas_edad;ambos_sex;isapre;;;;;512;492;600;640;355;340;353;
LM autorizadas Diagnostico, Seguro de Salud, Region;Tumores y Cánceres;Magallanes (XII);todas_actv;todas_edad;ambos_sex;isapre;;;;;635;656;742;740;514;542;505;
LM autorizadas Diagnostico, Seguro de Salud, Region;Enf. cardiovasculares;Magallanes (XII);todas_actv;todas_edad;ambos_sex;isapre;;;;;364;356;391;411;319;334;249;
LM autorizadas Diagnostico, Seguro de Salud, Region;COVID-19;Magallanes (XII);todas_actv;todas_edad;ambos_sex;isapre;;;;;#N/D;#N/D;0;0;4584;2969;4466;
;Licencia médica preventiva parental;Magallanes (XII);todas_actv;todas_edad;ambos_sex;isapre;;;;;#N/D;#N/D;0;0;258;221;0;
LM autorizadas Diagnostico, Seguro de Salud, Region;Otros diagnósticos;Magallanes (XII);todas_actv;todas_edad;ambos_sex;isapre;;;;;1857;2060;2335;2655;1427;2063;1654;
LM autorizadas Diagnostico, Seguro de Salud, Region;Sin información;Magallanes (XII);todas_actv;todas_edad;ambos_sex;isapre;;;;;#N/D;0;0;7;3;0;23;
LM autorizadas Diagnostico, Seguro de Salud, Region;Trastornos mentales;Sin información;todas_actv;todas_edad;ambos_sex;isapre;;;;;#N/D;1811;1917;204;283;1669;403;
LM autorizadas Diagnostico, Seguro de Salud, Region;Enf. osteomusculares;Sin información;todas_actv;todas_edad;ambos_sex;isapre;;;;;#N/D;2632;2554;254;199;764;176;
LM autorizadas Diagnostico, Seguro de Salud, Region;Enf. respiratorias;Sin información;todas_actv;todas_edad;ambos_sex;isapre;;;;;#N/D;2778;2882;395;96;371;143;
LM autorizadas Diagnostico, Seguro de Salud, Region;Traumatismos, envenenamientos y otros;Sin información;todas_actv;todas_edad;ambos_sex;isapre;;;;;#N/D;1277;1184;201;120;415;132;
LM autorizadas Diagnostico, Seguro de Salud, Region;Enf. infecciosas;Sin información;todas_actv;todas_edad;ambos_sex;isapre;;;;;#N/D;686;841;195;63;119;27;
LM autorizadas Diagnostico, Seguro de Salud, Region;Enf. del Sistema Digestivo;Sin información;todas_actv;todas_edad;ambos_sex;isapre;;;;;#N/D;1508;1639;103;85;414;71;
LM autorizadas Diagnostico, Seguro de Salud, Region;Afecciones del embarazo, Parto y Puerperio;Sin información;todas_actv;todas_edad;ambos_sex;isapre;;;;;#N/D;525;439;35;37;66;14;
LM autorizadas Diagnostico, Seguro de Salud, Region;Enfermedades del Sist. Genito urinario;Sin información;todas_actv;todas_edad;ambos_sex;isapre;;;;;#N/D;553;500;57;27;182;29;
LM autorizadas Diagnostico, Seguro de Salud, Region;Tumores y Cánceres;Sin información;todas_actv;todas_edad;ambos_sex;isapre;;;;;#N/D;449;450;32;66;95;31;
LM autorizadas Diagnostico, Seguro de Salud, Region;Enf. cardiovasculares;Sin información;todas_actv;todas_edad;ambos_sex;isapre;;;;;#N/D;292;278;16;31;92;36;
LM autorizadas Diagnostico, Seguro de Salud, Region;COVID-19;Sin información;todas_actv;todas_edad;ambos_sex;isapre;;;;;#N/D;#N/D;0;0;1045;2143;407;
;Licencia médica preventiva parental;Sin información;todas_actv;todas_edad;ambos_sex;isapre;;;;;#N/D;#N/D;0;0;16432;4285;0;
LM autorizadas Diagnostico, Seguro de Salud, Region;Otros diagnósticos;Sin información;todas_actv;todas_edad;ambos_sex;isapre;;;;;#N/D;1787;1557;209;127;562;105;
LM autorizadas Diagnostico, Seguro de Salud, Region;Sin información;Sin información;todas_actv;todas_edad;ambos_sex;isapre;;;;;#N/D;0;0;0;0;0;0;
